experiment_name,plot_name,plot_side,block,year,system_code,crop,irrigation_type
century,7_8,COMPOSITE,3,2014,CMT,maize,flood_irrigation
century,7_9,COMPOSITE,3,2014,CWT,wheat,sprinkler_irrigation
century,1_1,COMPOSITE,1,1994,LMT,solanum_lycopersicum,flood_irrigation
century,1_2,COMPOSITE,1,1994,OMT,maize,flood_irrigation
century,1_3,COMPOSITE,1,1994,CMT,solanum_lycopersicum,flood_irrigation
century,1_4,COMPOSITE,1,1994,CMT,maize,flood_irrigation
century,1_5,COMPOSITE,1,1994,CWT,wheat,flood_irrigation
century,1_6,COMPOSITE,1,1994,RWL,wheat,none
century,1_7,COMPOSITE,1,1994,RWC,wheat,none
century,1_8,COMPOSITE,1,1994,RWC,fallow,none
century,1_9,COMPOSITE,1,1994,RWF,wheat,none
century,2_2,COMPOSITE,1,1994,TR,,flood_irrigation
century,2_3,COMPOSITE,1,1994,OMT,solanum_lycopersicum,flood_irrigation
century,2_4,COMPOSITE,1,1994,LMT,maize,flood_irrigation
century,2_5,COMPOSITE,1,1994,CWT,solanum_lycopersicum,flood_irrigation
century,2_6,COMPOSITE,2,1994,IWF,wheat,sprinkler_irrigation
century,2_7,COMPOSITE,2,1994,IWC,wheat,sprinkler_irrigation
century,2_8,COMPOSITE,1,1994,RWL,wcc/fallow,none
century,2_9,COMPOSITE,1,1994,RWF,fallow,none
century,3_4,COMPOSITE,1,1994,IWF,wheat,sprinkler_irrigation
century,3_5,COMPOSITE,1,1994,IWC,fallow,none
century,3_6,COMPOSITE,1,1994,UN,,none
century,3_7,COMPOSITE,3,1994,RWL,wcc/fallow,none
century,3_8,COMPOSITE,3,1994,RWL,wheat,none
century,3_9,COMPOSITE,3,1994,RWC,fallow,none
century,4_2,COMPOSITE,1,1994,IWF,fallow,none
century,4_3,COMPOSITE,2,1994,CWT,wheat,flood_irrigation
century,4_4,COMPOSITE,2,1994,LMT,maize,flood_irrigation
century,4_5,COMPOSITE,2,1994,CMT,solanum_lycopersicum,flood_irrigation
century,4_6,COMPOSITE,2,1994,IWF,fallow,none
century,4_7,COMPOSITE,2,1994,IWL,wheat,sprinkler_irrigation
century,4_8,COMPOSITE,2,1994,IWL,wcc/fallow,sprinkler_irrigation
century,4_9,COMPOSITE,3,1994,RWC,wheat,none
century,5_1,COMPOSITE,1,1994,IWL,wheat,sprinkler_irrigation
century,5_2,COMPOSITE,1,1994,IWL,wcc/fallow,sprinkler_irrigation
century,5_3,COMPOSITE,2,1994,CWT,solanum_lycopersicum,flood_irrigation
century,5_4,COMPOSITE,2,1994,UN,maize,none
century,5_5,COMPOSITE,2,1994,CMT,maize,flood_irrigation
century,5_6,COMPOSITE,2,1994,IWC,fallow,none
century,5_7,COMPOSITE,3,1994,TR,,flood_irrigation
century,5_8,COMPOSITE,3,1994,RWF,fallow,none
century,5_9,COMPOSITE,3,1994,RWF,wheat,none
century,6_1,COMPOSITE,1,1994,IWC,wheat,sprinkler_irrigation
century,6_2,COMPOSITE,2,1994,RWC,fallow,none
century,6_3,COMPOSITE,2,1994,LMT,solanum_lycopersicum,flood_irrigation
century,6_4,COMPOSITE,2,1994,OMT,maize,flood_irrigation
century,6_5,COMPOSITE,2,1994,OMT,solanum_lycopersicum,flood_irrigation
century,6_6,COMPOSITE,3,1994,CWT,solanum_lycopersicum,flood_irrigation
century,6_7,COMPOSITE,3,1994,LMT,solanum_lycopersicum,flood_irrigation
century,6_8,COMPOSITE,3,1994,OMT,solanum_lycopersicum,flood_irrigation
century,6_9,COMPOSITE,3,1994,LMT,maize,flood_irrigation
century,7_1,COMPOSITE,2,1994,UN,,none
century,7_2,COMPOSITE,2,1994,RWF,fallow,none
century,7_3,COMPOSITE,2,1994,RWL,wheat,none
century,7_4,COMPOSITE,2,1994,TR,,flood_irrigation
century,7_5,COMPOSITE,3,1994,IWL,fallow,sprinkler_irrigation
century,7_6,COMPOSITE,3,1994,IWL,wheat,sprinkler_irrigation
century,7_7,COMPOSITE,3,1994,IWC,fallow,sprinkler_irrigation
century,7_8,COMPOSITE,3,1994,CMT,maize,flood_irrigation
century,7_9,COMPOSITE,3,1994,CWT,wheat,flood_irrigation
century,8_1,COMPOSITE,2,1994,RWL,wcc/fallow,none
century,8_2,COMPOSITE,2,1994,RWF,wheat,none
century,8_3,COMPOSITE,2,1994,RWC,wheat,none
century,8_4,COMPOSITE,3,1994,IWF,wheat,sprinkler_irrigation
century,8_5,COMPOSITE,3,1994,IWF,fallow,sprinkler_irrigation
century,8_6,COMPOSITE,3,1994,UN,,none
century,8_7,COMPOSITE,3,1994,IWC,wheat,sprinkler_irrigation
century,8_8,COMPOSITE,3,1994,OMT,maize,flood_irrigation
century,8_9,COMPOSITE,3,1994,CMT,solanum_lycopersicum,flood_irrigation
century,1_1,COMPOSITE,1,1995,LMT,maize,flood_irrigation
century,1_2,COMPOSITE,1,1995,OMT,solanum_lycopersicum,flood_irrigation
century,1_3,COMPOSITE,1,1995,CMT,maize,flood_irrigation
century,1_4,COMPOSITE,1,1995,CMT,solanum_lycopersicum,flood_irrigation
century,1_5,COMPOSITE,1,1995,CWT,solanum_lycopersicum,flood_irrigation
century,1_6,COMPOSITE,1,1995,RWL,wcc/fallow,none
century,1_7,COMPOSITE,1,1995,RWC,fallow,none
century,1_8,COMPOSITE,1,1995,RWC,wheat,none
century,1_9,COMPOSITE,1,1995,RWF,fallow,none
century,2_2,COMPOSITE,1,1995,TR,,flood_irrigation
century,2_3,COMPOSITE,1,1995,OMT,maize,flood_irrigation
century,2_4,COMPOSITE,1,1995,LMT,solanum_lycopersicum,flood_irrigation
century,2_5,COMPOSITE,1,1995,CWT,wheat,flood_irrigation
century,2_6,COMPOSITE,2,1995,IWF,fallow,sprinkler_irrigation
century,2_7,COMPOSITE,2,1995,IWC,fallow,sprinkler_irrigation
century,2_8,COMPOSITE,1,1995,RWL,wheat,none
century,2_9,COMPOSITE,1,1995,RWF,wheat,none
century,3_4,COMPOSITE,1,1995,IWF,fallow,sprinkler_irrigation
century,3_5,COMPOSITE,1,1995,IWC,wheat,sprinkler_irrigation
century,3_6,COMPOSITE,1,1995,UN,,none
century,3_7,COMPOSITE,3,1995,RWL,wheat,none
century,3_8,COMPOSITE,3,1995,RWL,wcc/fallow,none
century,3_9,COMPOSITE,3,1995,RWC,wheat,none
century,4_2,COMPOSITE,1,1995,IWF,wheat,sprinkler_irrigation
century,4_3,COMPOSITE,2,1995,CWT,solanum_lycopersicum,flood_irrigation
century,4_4,COMPOSITE,2,1995,LMT,solanum_lycopersicum,flood_irrigation
century,4_5,COMPOSITE,2,1995,CMT,maize,flood_irrigation
century,4_6,COMPOSITE,2,1995,IWF,wheat,sprinkler_irrigation
century,4_7,COMPOSITE,2,1995,IWL,fallow,sprinkler_irrigation
century,4_8,COMPOSITE,2,1995,IWL,wheat,sprinkler_irrigation
century,4_9,COMPOSITE,3,1995,RWC,fallow,none
century,5_1,COMPOSITE,1,1995,IWL,fallow,sprinkler_irrigation
century,5_2,COMPOSITE,1,1995,IWL,wheat,sprinkler_irrigation
century,5_3,COMPOSITE,2,1995,CWT,wheat,flood_irrigation
century,5_4,COMPOSITE,2,1995,UN,,none
century,5_5,COMPOSITE,2,1995,CMT,solanum_lycopersicum,flood_irrigation
century,5_6,COMPOSITE,2,1995,IWC,wheat,sprinkler_irrigation
century,5_7,COMPOSITE,3,1995,TR,,flood_irrigation
century,5_8,COMPOSITE,3,1995,RWF,wheat,none
century,5_9,COMPOSITE,3,1995,RWF,fallow,none
century,6_1,COMPOSITE,1,1995,IWC,fallow,sprinkler_irrigation
century,6_2,COMPOSITE,2,1995,RWC,wheat,none
century,6_3,COMPOSITE,2,1995,LMT,maize,flood_irrigation
century,6_4,COMPOSITE,2,1995,OMT,maize,flood_irrigation
century,6_5,COMPOSITE,2,1995,OMT,solanum_lycopersicum,flood_irrigation
century,6_6,COMPOSITE,3,1995,CWT,wheat,flood_irrigation
century,6_7,COMPOSITE,3,1995,LMT,maize,flood_irrigation
century,6_8,COMPOSITE,3,1995,OMT,maize,flood_irrigation
century,6_9,COMPOSITE,3,1995,LMT,solanum_lycopersicum,flood_irrigation
century,7_1,COMPOSITE,2,1995,UN,,none
century,7_2,COMPOSITE,2,1995,RWF,wheat,none
century,7_3,COMPOSITE,2,1995,RWL,wcc/fallow,none
century,7_4,COMPOSITE,2,1995,TR,,flood_irrigation
century,7_5,COMPOSITE,3,1995,IWL,wheat,sprinkler_irrigation
century,7_6,COMPOSITE,3,1995,IWL,fallow,sprinkler_irrigation
century,7_7,COMPOSITE,3,1995,IWC,wheat,sprinkler_irrigation
century,7_8,COMPOSITE,3,1995,CMT,solanum_lycopersicum,flood_irrigation
century,7_9,COMPOSITE,3,1995,CWT,solanum_lycopersicum,flood_irrigation
century,8_1,COMPOSITE,2,1995,RWL,wheat,none
century,8_2,COMPOSITE,2,1995,RWF,fallow,none
century,8_3,COMPOSITE,2,1995,RWC,fallow,none
century,8_4,COMPOSITE,3,1995,IWF,fallow,sprinkler_irrigation
century,8_5,COMPOSITE,3,1995,IWF,wheat,sprinkler_irrigation
century,8_6,COMPOSITE,3,1995,UN,,none
century,8_7,COMPOSITE,3,1995,IWC,fallow,sprinkler_irrigation
century,8_8,COMPOSITE,3,1995,OMT,solanum_lycopersicum,flood_irrigation
century,8_9,COMPOSITE,3,1995,CMT,maize,flood_irrigation
century,1_1,COMPOSITE,1,1996,LMT,solanum_lycopersicum,flood_irrigation
century,1_2,COMPOSITE,1,1996,OMT,maize,flood_irrigation
century,1_3,COMPOSITE,1,1996,CMT,solanum_lycopersicum,flood_irrigation
century,1_4,COMPOSITE,1,1996,CMT,maize,flood_irrigation
century,1_5,COMPOSITE,1,1996,CWT,wheat,flood_irrigation
century,1_6,COMPOSITE,1,1996,RWL,wheat,none
century,1_7,COMPOSITE,1,1996,RWC,wheat,none
century,1_8,COMPOSITE,1,1996,RWC,fallow,none
century,1_9,COMPOSITE,1,1996,RWF,wheat,none
century,2_2,COMPOSITE,1,1996,TR,,flood_irrigation
century,2_3,COMPOSITE,1,1996,OMT,solanum_lycopersicum,flood_irrigation
century,2_4,COMPOSITE,1,1996,LMT,maize,flood_irrigation
century,2_5,COMPOSITE,1,1996,CWT,solanum_lycopersicum,flood_irrigation
century,2_6,COMPOSITE,2,1996,IWF,wheat,sprinkler_irrigation
century,2_7,COMPOSITE,2,1996,IWC,wheat,sprinkler_irrigation
century,2_8,COMPOSITE,1,1996,RWL,wcc/fallow,none
century,2_9,COMPOSITE,1,1996,RWF,fallow,none
century,3_4,COMPOSITE,1,1996,IWF,wheat,sprinkler_irrigation
century,3_5,COMPOSITE,1,1996,IWC,fallow,sprinkler_irrigation
century,3_6,COMPOSITE,1,1996,UN,,none
century,3_7,COMPOSITE,3,1996,RWL,wcc/fallow,none
century,3_8,COMPOSITE,3,1996,RWL,wheat,none
century,3_9,COMPOSITE,3,1996,RWC,fallow,none
century,4_2,COMPOSITE,1,1996,IWF,fallow,sprinkler_irrigation
century,4_3,COMPOSITE,2,1996,CWT,wheat,flood_irrigation
century,4_4,COMPOSITE,2,1996,LMT,maize,flood_irrigation
century,4_5,COMPOSITE,2,1996,CMT,solanum_lycopersicum,flood_irrigation
century,4_6,COMPOSITE,2,1996,IWF,fallow,sprinkler_irrigation
century,4_7,COMPOSITE,2,1996,IWL,wheat,sprinkler_irrigation
century,4_8,COMPOSITE,2,1996,IWL,wcc/fallow,sprinkler_irrigation
century,4_9,COMPOSITE,3,1996,RWC,wheat,none
century,5_1,COMPOSITE,1,1996,IWL,wheat,sprinkler_irrigation
century,5_2,COMPOSITE,1,1996,IWL,wcc/fallow,sprinkler_irrigation
century,5_3,COMPOSITE,2,1996,CWT,solanum_lycopersicum,flood_irrigation
century,5_4,COMPOSITE,2,1996,UN,,none
century,5_5,COMPOSITE,2,1996,CMT,maize,flood_irrigation
century,5_6,COMPOSITE,2,1996,IWC,fallow,sprinkler_irrigation
century,5_7,COMPOSITE,3,1996,TR,,flood_irrigation
century,5_8,COMPOSITE,3,1996,RWF,fallow,none
century,5_9,COMPOSITE,3,1996,RWF,wheat,none
century,6_1,COMPOSITE,1,1996,IWC,wheat,sprinkler_irrigation
century,6_2,COMPOSITE,2,1996,RWC,fallow,none
century,6_3,COMPOSITE,2,1996,LMT,solanum_lycopersicum,flood_irrigation
century,6_4,COMPOSITE,2,1996,OMT,maize,flood_irrigation
century,6_5,COMPOSITE,2,1996,OMT,solanum_lycopersicum,flood_irrigation
century,6_6,COMPOSITE,3,1996,CWT,solanum_lycopersicum,flood_irrigation
century,6_7,COMPOSITE,3,1996,LMT,solanum_lycopersicum,flood_irrigation
century,6_8,COMPOSITE,3,1996,OMT,solanum_lycopersicum,flood_irrigation
century,6_9,COMPOSITE,3,1996,LMT,maize,flood_irrigation
century,7_1,COMPOSITE,2,1996,UN,,none
century,7_2,COMPOSITE,2,1996,RWF,fallow,none
century,7_3,COMPOSITE,2,1996,RWL,wheat,none
century,7_4,COMPOSITE,2,1996,TR,,flood_irrigation
century,7_5,COMPOSITE,3,1996,IWL,fallow,sprinkler_irrigation
century,7_6,COMPOSITE,3,1996,IWL,wheat,sprinkler_irrigation
century,7_7,COMPOSITE,3,1996,IWC,fallow,sprinkler_irrigation
century,7_8,COMPOSITE,3,1996,CMT,maize,flood_irrigation
century,7_8,COMPOSITE,3,1996,CMT,maize,flood_irrigation
century,7_8,COMPOSITE,3,1996,CMT,maize,flood_irrigation
century,7_9,COMPOSITE,3,1996,CWT,wheat,flood_irrigation
century,8_1,COMPOSITE,2,1996,RWL,wcc/fallow,none
century,8_2,COMPOSITE,2,1996,RWF,wheat,none
century,8_3,COMPOSITE,2,1996,RWC,wheat,none
century,8_4,COMPOSITE,3,1996,IWF,wheat,sprinkler_irrigation
century,8_5,COMPOSITE,3,1996,IWF,fallow,sprinkler_irrigation
century,8_6,COMPOSITE,3,1996,UN,,none
century,8_7,COMPOSITE,3,1996,IWC,wheat,sprinkler_irrigation
century,8_8,COMPOSITE,3,1996,OMT,maize,flood_irrigation
century,8_9,COMPOSITE,3,1996,CMT,solanum_lycopersicum,flood_irrigation
century,1_1,COMPOSITE,1,1997,LMT,maize,flood_irrigation
century,1_2,COMPOSITE,1,1997,OMT,solanum_lycopersicum,flood_irrigation
century,1_3,COMPOSITE,1,1997,CMT,maize,flood_irrigation
century,1_4,COMPOSITE,1,1997,CMT,solanum_lycopersicum,flood_irrigation
century,1_5,COMPOSITE,1,1997,CWT,solanum_lycopersicum,flood_irrigation
century,1_6,COMPOSITE,1,1997,RWL,wcc/fallow,none
century,1_7,COMPOSITE,1,1997,RWC,fallow,none
century,1_8,COMPOSITE,1,1997,RWC,wheat,none
century,1_9,COMPOSITE,1,1997,RWF,fallow,none
century,2_2,COMPOSITE,1,1997,TR,,flood_irrigation
century,2_3,COMPOSITE,1,1997,OMT,maize,flood_irrigation
century,2_4,COMPOSITE,1,1997,LMT,solanum_lycopersicum,flood_irrigation
century,2_5,COMPOSITE,1,1997,CWT,wheat,flood_irrigation
century,2_6,COMPOSITE,2,1997,IWF,fallow,sprinkler_irrigation
century,2_7,COMPOSITE,2,1997,IWC,fallow,sprinkler_irrigation
century,2_8,COMPOSITE,1,1997,RWL,wheat,none
century,2_9,COMPOSITE,1,1997,RWF,wheat,none
century,3_4,COMPOSITE,1,1997,IWF,fallow,sprinkler_irrigation
century,3_5,COMPOSITE,1,1997,IWC,wheat,sprinkler_irrigation
century,3_6,COMPOSITE,1,1997,UN,,none
century,3_7,COMPOSITE,3,1997,RWL,wheat,none
century,3_8,COMPOSITE,3,1997,RWL,wcc/fallow,none
century,3_9,COMPOSITE,3,1997,RWC,wheat,none
century,4_2,COMPOSITE,1,1997,IWF,wheat,sprinkler_irrigation
century,4_3,COMPOSITE,2,1997,CWT,solanum_lycopersicum,flood_irrigation
century,4_4,COMPOSITE,2,1997,LMT,solanum_lycopersicum,flood_irrigation
century,4_5,COMPOSITE,2,1997,CMT,maize,flood_irrigation
century,4_6,COMPOSITE,2,1997,IWF,wheat,sprinkler_irrigation
century,4_7,COMPOSITE,2,1997,IWL,fallow,sprinkler_irrigation
century,4_8,COMPOSITE,2,1997,IWL,wheat,sprinkler_irrigation
century,4_9,COMPOSITE,3,1997,RWC,fallow,none
century,5_1,COMPOSITE,1,1997,IWL,fallow,sprinkler_irrigation
century,5_2,COMPOSITE,1,1997,IWL,wheat,sprinkler_irrigation
century,5_3,COMPOSITE,2,1997,CWT,wheat,flood_irrigation
century,5_4,COMPOSITE,2,1997,UN,,none
century,5_5,COMPOSITE,2,1997,CMT,solanum_lycopersicum,flood_irrigation
century,5_6,COMPOSITE,2,1997,IWC,wheat,sprinkler_irrigation
century,5_7,COMPOSITE,3,1997,TR,,flood_irrigation
century,5_8,COMPOSITE,3,1997,RWF,wheat,none
century,5_9,COMPOSITE,3,1997,RWF,fallow,none
century,6_1,COMPOSITE,1,1997,IWC,fallow,sprinkler_irrigation
century,6_2,COMPOSITE,2,1997,RWC,wheat,none
century,6_3,COMPOSITE,2,1997,LMT,maize,flood_irrigation
century,6_4,COMPOSITE,2,1997,OMT,maize,flood_irrigation
century,6_5,COMPOSITE,2,1997,OMT,solanum_lycopersicum,flood_irrigation
century,6_6,COMPOSITE,3,1997,CWT,wheat,flood_irrigation
century,6_7,COMPOSITE,3,1997,LMT,maize,flood_irrigation
century,6_8,COMPOSITE,3,1997,OMT,maize,flood_irrigation
century,6_9,COMPOSITE,3,1997,LMT,solanum_lycopersicum,flood_irrigation
century,7_1,COMPOSITE,2,1997,UN,,none
century,7_2,COMPOSITE,2,1997,RWF,wheat,none
century,7_3,COMPOSITE,2,1997,RWL,wcc/fallow,none
century,7_4,COMPOSITE,2,1997,TR,,flood_irrigation
century,7_5,COMPOSITE,3,1997,IWL,wheat,sprinkler_irrigation
century,7_6,COMPOSITE,3,1997,IWL,fallow,sprinkler_irrigation
century,7_7,COMPOSITE,3,1997,IWC,wheat,sprinkler_irrigation
century,7_8,COMPOSITE,3,1997,CMT,solanum_lycopersicum,flood_irrigation
century,7_9,COMPOSITE,3,1997,CWT,solanum_lycopersicum,flood_irrigation
century,8_1,COMPOSITE,2,1997,RWL,wheat,none
century,8_2,COMPOSITE,2,1997,RWF,fallow,none
century,8_3,COMPOSITE,2,1997,RWC,fallow,none
century,8_4,COMPOSITE,3,1997,IWF,fallow,sprinkler_irrigation
century,8_5,COMPOSITE,3,1997,IWF,wheat,sprinkler_irrigation
century,8_6,COMPOSITE,3,1997,UN,,none
century,8_7,COMPOSITE,3,1997,IWC,fallow,sprinkler_irrigation
century,8_8,COMPOSITE,3,1997,OMT,solanum_lycopersicum,flood_irrigation
century,8_9,COMPOSITE,3,1997,CMT,maize,flood_irrigation
century,1_1,COMPOSITE,1,1998,LMT,solanum_lycopersicum,flood_irrigation
century,1_2,COMPOSITE,1,1998,OMT,maize,flood_irrigation
century,1_3,COMPOSITE,1,1998,CMT,solanum_lycopersicum,flood_irrigation
century,1_4,COMPOSITE,1,1998,CMT,maize,flood_irrigation
century,1_5,COMPOSITE,1,1998,CWT,wheat,flood_irrigation
century,1_6,COMPOSITE,1,1998,RWL,wheat,none
century,1_7,COMPOSITE,1,1998,RWC,wheat,none
century,1_8,COMPOSITE,1,1998,RWC,fallow,none
century,1_9,COMPOSITE,1,1998,RWF,wheat,none
century,2_2,COMPOSITE,1,1998,TR,,flood_irrigation
century,2_3,COMPOSITE,1,1998,OMT,solanum_lycopersicum,flood_irrigation
century,2_4,COMPOSITE,1,1998,LMT,maize,flood_irrigation
century,2_5,COMPOSITE,1,1998,CWT,solanum_lycopersicum,flood_irrigation
century,2_6,COMPOSITE,2,1998,IWF,wheat,sprinkler_irrigation
century,2_7,COMPOSITE,2,1998,IWC,wheat,sprinkler_irrigation
century,2_8,COMPOSITE,1,1998,RWL,wcc/fallow,none
century,2_9,COMPOSITE,1,1998,RWF,fallow,none
century,3_4,COMPOSITE,1,1998,IWF,wheat,sprinkler_irrigation
century,3_5,COMPOSITE,1,1998,IWC,fallow,sprinkler_irrigation
century,3_6,COMPOSITE,1,1998,UN,,none
century,3_7,COMPOSITE,3,1998,RWL,wcc/fallow,none
century,3_8,COMPOSITE,3,1998,RWL,wheat,none
century,3_9,COMPOSITE,3,1998,RWC,fallow,none
century,4_2,COMPOSITE,1,1998,IWF,fallow,sprinkler_irrigation
century,4_3,COMPOSITE,2,1998,CWT,wheat,flood_irrigation
century,4_4,COMPOSITE,2,1998,LMT,maize,flood_irrigation
century,4_5,COMPOSITE,2,1998,CMT,solanum_lycopersicum,flood_irrigation
century,4_6,COMPOSITE,2,1998,IWF,fallow,sprinkler_irrigation
century,4_7,COMPOSITE,2,1998,IWL,wheat,sprinkler_irrigation
century,4_8,COMPOSITE,2,1998,IWL,wcc/fallow,sprinkler_irrigation
century,4_9,COMPOSITE,3,1998,RWC,wheat,none
century,5_1,COMPOSITE,1,1998,IWL,wheat,sprinkler_irrigation
century,5_2,COMPOSITE,1,1998,IWL,wcc/fallow,sprinkler_irrigation
century,5_3,COMPOSITE,2,1998,CWT,solanum_lycopersicum,flood_irrigation
century,5_4,COMPOSITE,2,1998,UN,,none
century,5_5,COMPOSITE,2,1998,CMT,maize,flood_irrigation
century,5_6,COMPOSITE,2,1998,IWC,fallow,sprinkler_irrigation
century,5_7,COMPOSITE,3,1998,TR,,flood_irrigation
century,5_7,COMPOSITE,3,1998,TR,,flood_irrigation
century,5_7,COMPOSITE,3,1998,TR,,flood_irrigation
century,5_8,COMPOSITE,3,1998,RWF,fallow,none
century,5_9,COMPOSITE,3,1998,RWF,wheat,none
century,6_1,COMPOSITE,1,1998,IWC,wheat,sprinkler_irrigation
century,6_2,COMPOSITE,2,1998,RWC,fallow,none
century,6_3,COMPOSITE,2,1998,LMT,solanum_lycopersicum,flood_irrigation
century,6_4,COMPOSITE,2,1998,OMT,maize,flood_irrigation
century,6_5,COMPOSITE,2,1998,OMT,solanum_lycopersicum,flood_irrigation
century,6_6,COMPOSITE,3,1998,CWT,solanum_lycopersicum,flood_irrigation
century,6_7,COMPOSITE,3,1998,LMT,solanum_lycopersicum,flood_irrigation
century,6_8,COMPOSITE,3,1998,OMT,solanum_lycopersicum,flood_irrigation
century,6_9,COMPOSITE,3,1998,LMT,maize,flood_irrigation
century,7_1,COMPOSITE,2,1998,UN,,none
century,7_2,COMPOSITE,2,1998,RWF,fallow,none
century,7_3,COMPOSITE,2,1998,RWL,wheat,none
century,7_4,COMPOSITE,2,1998,TR,,flood_irrigation
century,7_5,COMPOSITE,3,1998,IWL,fallow,sprinkler_irrigation
century,7_6,COMPOSITE,3,1998,IWL,wheat,sprinkler_irrigation
century,7_7,COMPOSITE,3,1998,IWC,fallow,sprinkler_irrigation
century,7_8,COMPOSITE,3,1998,CMT,maize,flood_irrigation
century,7_9,COMPOSITE,3,1998,CWT,wheat,flood_irrigation
century,8_1,COMPOSITE,2,1998,RWL,wcc/fallow,none
century,8_2,COMPOSITE,2,1998,RWF,wheat,none
century,8_3,COMPOSITE,2,1998,RWC,wheat,none
century,8_4,COMPOSITE,3,1998,IWF,wheat,sprinkler_irrigation
century,8_5,COMPOSITE,3,1998,IWF,fallow,sprinkler_irrigation
century,8_6,COMPOSITE,3,1998,UN,,none
century,8_7,COMPOSITE,3,1998,IWC,wheat,sprinkler_irrigation
century,8_8,COMPOSITE,3,1998,OMT,maize,flood_irrigation
century,8_9,COMPOSITE,3,1998,CMT,solanum_lycopersicum,flood_irrigation
century,1_1,COMPOSITE,1,1999,LMT,maize,flood_irrigation
century,1_2,COMPOSITE,1,1999,OMT,solanum_lycopersicum,flood_irrigation
century,1_3,COMPOSITE,1,1999,CMT,maize,flood_irrigation
century,1_4,COMPOSITE,1,1999,CMT,solanum_lycopersicum,flood_irrigation
century,1_5,COMPOSITE,1,1999,CWT,solanum_lycopersicum,flood_irrigation
century,1_6,COMPOSITE,1,1999,RWL,wcc/fallow,none
century,1_7,COMPOSITE,1,1999,RWC,fallow,none
century,1_8,COMPOSITE,1,1999,RWC,wheat,none
century,1_9,COMPOSITE,1,1999,RWF,fallow,none
century,2_2,COMPOSITE,1,1999,TR,,flood_irrigation
century,2_3,COMPOSITE,1,1999,OMT,maize,flood_irrigation
century,2_4,COMPOSITE,1,1999,LMT,solanum_lycopersicum,flood_irrigation
century,2_5,COMPOSITE,1,1999,CWT,wheat,flood_irrigation
century,2_6,COMPOSITE,2,1999,IWF,fallow,sprinkler_irrigation
century,2_7,COMPOSITE,2,1999,IWC,fallow,sprinkler_irrigation
century,2_8,COMPOSITE,1,1999,RWL,wheat,none
century,2_9,COMPOSITE,1,1999,RWF,wheat,none
century,3_4,COMPOSITE,1,1999,IWF,fallow,sprinkler_irrigation
century,3_5,COMPOSITE,1,1999,IWC,wheat,sprinkler_irrigation
century,3_6,COMPOSITE,1,1999,UN,,none
century,3_7,COMPOSITE,3,1999,RWL,wheat,none
century,3_8,COMPOSITE,3,1999,RWL,wcc/fallow,none
century,3_9,COMPOSITE,3,1999,RWC,wheat,none
century,4_2,COMPOSITE,1,1999,IWF,wheat,sprinkler_irrigation
century,4_3,COMPOSITE,2,1999,CWT,solanum_lycopersicum,flood_irrigation
century,4_4,COMPOSITE,2,1999,LMT,solanum_lycopersicum,flood_irrigation
century,4_5,COMPOSITE,2,1999,CMT,maize,flood_irrigation
century,4_6,COMPOSITE,2,1999,IWF,wheat,sprinkler_irrigation
century,4_7,COMPOSITE,2,1999,IWL,fallow,sprinkler_irrigation
century,4_8,COMPOSITE,2,1999,IWL,wheat,sprinkler_irrigation
century,4_9,COMPOSITE,3,1999,RWC,fallow,none
century,5_1,COMPOSITE,1,1999,IWL,fallow,sprinkler_irrigation
century,5_2,COMPOSITE,1,1999,IWl,wheat,sprinkler_irrigation
century,5_3,COMPOSITE,2,1999,CWT,wheat,flood_irrigation
century,5_4,COMPOSITE,2,1999,UN,,none
century,5_5,COMPOSITE,2,1999,CMT,solanum_lycopersicum,flood_irrigation
century,5_6,COMPOSITE,2,1999,IWC,wheat,sprinkler_irrigation
century,5_7,COMPOSITE,3,1999,TR,,flood_irrigation
century,5_8,COMPOSITE,3,1999,RWF,wheat,none
century,5_9,COMPOSITE,3,1999,RWF,fallow,none
century,6_1,COMPOSITE,1,1999,IWC,fallow,sprinkler_irrigation
century,6_2,COMPOSITE,2,1999,RWC,wheat,none
century,6_3,COMPOSITE,2,1999,LMT,maize,flood_irrigation
century,6_4,COMPOSITE,2,1999,OMT,maize,flood_irrigation
century,6_5,COMPOSITE,2,1999,OMT,solanum_lycopersicum,flood_irrigation
century,6_6,COMPOSITE,3,1999,CWT,wheat,flood_irrigation
century,6_7,COMPOSITE,3,1999,LMT,maize,flood_irrigation
century,6_8,COMPOSITE,3,1999,OMT,maize,flood_irrigation
century,6_9,COMPOSITE,3,1999,LMT,solanum_lycopersicum,flood_irrigation
century,7_1,COMPOSITE,2,1999,UN,,none
century,7_2,COMPOSITE,2,1999,RWF,wheat,none
century,7_3,COMPOSITE,2,1999,RWL,wcc/fallow,none
century,7_4,COMPOSITE,2,1999,TR,,flood_irrigation
century,7_5,COMPOSITE,3,1999,IWL,wheat,sprinkler_irrigation
century,7_6,COMPOSITE,3,1999,IWL,fallow,sprinkler_irrigation
century,7_7,COMPOSITE,3,1999,IWC,wheat,sprinkler_irrigation
century,7_8,COMPOSITE,3,1999,CMT,solanum_lycopersicum,flood_irrigation
century,7_9,COMPOSITE,3,1999,CWT,solanum_lycopersicum,flood_irrigation
century,8_1,COMPOSITE,2,1999,RWL,wheat,none
century,8_2,COMPOSITE,2,1999,RWF,fallow,none
century,8_3,COMPOSITE,2,1999,RWC,fallow,none
century,8_4,COMPOSITE,3,1999,IWF,fallow,sprinkler_irrigation
century,8_5,COMPOSITE,3,1999,IWF,wheat,sprinkler_irrigation
century,8_6,COMPOSITE,3,1999,UN,,none
century,8_7,COMPOSITE,3,1999,IWC,fallow,sprinkler_irrigation
century,8_8,COMPOSITE,3,1999,OMT,solanum_lycopersicum,flood_irrigation
century,8_9,COMPOSITE,3,1999,CMT,maize,flood_irrigation
century,1_1,COMPOSITE,1,2000,LMT,solanum_lycopersicum,flood_irrigation
century,1_2,COMPOSITE,1,2000,OMT,maize,flood_irrigation
century,1_3,COMPOSITE,1,2000,CMT,solanum_lycopersicum,flood_irrigation
century,1_4,COMPOSITE,1,2000,CMT,maize,flood_irrigation
century,1_5,COMPOSITE,1,2000,CWT,wheat,flood_irrigation
century,1_6,COMPOSITE,1,2000,RWL,wheat,none
century,1_7,COMPOSITE,1,2000,RWC,wheat,none
century,1_8,COMPOSITE,1,2000,RWC,fallow,none
century,1_9,COMPOSITE,1,2000,RWF,wheat,none
century,2_2,COMPOSITE,1,2000,TR,,flood_irrigation
century,2_3,COMPOSITE,1,2000,OMT,solanum_lycopersicum,flood_irrigation
century,2_4,COMPOSITE,1,2000,LMT,maize,flood_irrigation
century,2_5,COMPOSITE,1,2000,CWT,solanum_lycopersicum,flood_irrigation
century,2_6,COMPOSITE,2,2000,IWF,wheat,sprinkler_irrigation
century,2_7,COMPOSITE,2,2000,IWC,wheat,sprinkler_irrigation
century,2_8,COMPOSITE,1,2000,RWL,wcc/fallow,none
century,2_9,COMPOSITE,1,2000,RWF,fallow,none
century,3_4,COMPOSITE,1,2000,IWF,wheat,sprinkler_irrigation
century,3_5,COMPOSITE,1,2000,IWC,fallow,sprinkler_irrigation
century,3_6,COMPOSITE,1,2000,UN,,none
century,3_7,COMPOSITE,3,2000,RWL,wcc/fallow,none
century,3_8,COMPOSITE,3,2000,RWL,wheat,none
century,3_9,COMPOSITE,3,2000,RWC,fallow,none
century,4_2,COMPOSITE,1,2000,IWF,fallow,sprinkler_irrigation
century,4_3,COMPOSITE,2,2000,CWT,wheat,flood_irrigation
century,4_4,COMPOSITE,2,2000,LMT,maize,flood_irrigation
century,4_5,COMPOSITE,2,2000,CMT,solanum_lycopersicum,flood_irrigation
century,4_6,COMPOSITE,2,2000,IWF,fallow,sprinkler_irrigation
century,4_7,COMPOSITE,2,2000,IWL,wheat,sprinkler_irrigation
century,4_8,COMPOSITE,2,2000,IWL,wcc/fallow,sprinkler_irrigation
century,4_9,COMPOSITE,3,2000,RWC,wheat,none
century,5_1,COMPOSITE,1,2000,IWL,wheat,sprinkler_irrigation
century,5_2,COMPOSITE,1,2000,IWL,wcc/fallow,sprinkler_irrigation
century,5_3,COMPOSITE,2,2000,CWT,solanum_lycopersicum,flood_irrigation
century,5_4,COMPOSITE,2,2000,UN,,none
century,5_5,COMPOSITE,2,2000,CMT,maize,flood_irrigation
century,5_6,COMPOSITE,2,2000,IWC,fallow,sprinkler_irrigation
century,5_7,COMPOSITE,3,2000,TR,,flood_irrigation
century,5_8,COMPOSITE,3,2000,RWF,fallow,none
century,5_9,COMPOSITE,3,2000,RWF,wheat,none
century,6_1,COMPOSITE,1,2000,IWC,wheat,sprinkler_irrigation
century,6_2,COMPOSITE,2,2000,RWC,fallow,none
century,6_3,COMPOSITE,2,2000,LMT,solanum_lycopersicum,flood_irrigation
century,6_4,COMPOSITE,2,2000,OMT,maize,flood_irrigation
century,6_5,COMPOSITE,2,2000,OMT,solanum_lycopersicum,flood_irrigation
century,6_6,COMPOSITE,3,2000,CWT,solanum_lycopersicum,flood_irrigation
century,6_7,COMPOSITE,3,2000,LMT,solanum_lycopersicum,flood_irrigation
century,6_8,COMPOSITE,3,2000,OMT,solanum_lycopersicum,flood_irrigation
century,6_9,COMPOSITE,3,2000,LMT,maize,flood_irrigation
century,7_1,COMPOSITE,2,2000,UN,,none
century,7_2,COMPOSITE,2,2000,RWF,fallow,none
century,7_3,COMPOSITE,2,2000,RWL,wheat,none
century,7_4,COMPOSITE,2,2000,TR,,flood_irrigation
century,7_5,COMPOSITE,3,2000,IWL,fallow,sprinkler_irrigation
century,7_6,COMPOSITE,3,2000,IWL,wheat,sprinkler_irrigation
century,7_7,COMPOSITE,3,2000,IWC,fallow,sprinkler_irrigation
century,7_8,COMPOSITE,3,2000,CMT,maize,flood_irrigation
century,7_9,COMPOSITE,3,2000,CWT,wheat,flood_irrigation
century,8_1,COMPOSITE,2,2000,RWL,wcc/fallow,none
century,8_2,COMPOSITE,2,2000,RWF,wheat,none
century,8_3,COMPOSITE,2,2000,RWC,wheat,none
century,8_4,COMPOSITE,3,2000,IWF,wheat,sprinkler_irrigation
century,8_5,COMPOSITE,3,2000,IWF,fallow,sprinkler_irrigation
century,8_6,COMPOSITE,3,2000,UN,,none
century,8_7,COMPOSITE,3,2000,IWC,wheat,sprinkler_irrigation
century,8_8,COMPOSITE,3,2000,OMT,maize,flood_irrigation
century,8_9,COMPOSITE,3,2000,CMT,solanum_lycopersicum,flood_irrigation
century,1_1,COMPOSITE,1,2001,LMT,maize,flood_irrigation
century,1_2,COMPOSITE,1,2001,OMT,solanum_lycopersicum,flood_irrigation
century,1_3,COMPOSITE,1,2001,CMT,maize,flood_irrigation
century,1_4,COMPOSITE,1,2001,CMT,solanum_lycopersicum,flood_irrigation
century,1_5,COMPOSITE,1,2001,CWT,solanum_lycopersicum,flood_irrigation
century,1_6,COMPOSITE,1,2001,RWL,wcc/fallow,none
century,1_7,COMPOSITE,1,2001,RWC,fallow,none
century,1_8,COMPOSITE,1,2001,RWC,wheat,none
century,1_9,COMPOSITE,1,2001,RWF,fallow,none
century,2_2,COMPOSITE,1,2001,TR,,flood_irrigation
century,2_3,COMPOSITE,1,2001,OMT,maize,flood_irrigation
century,2_4,COMPOSITE,1,2001,LMT,solanum_lycopersicum,flood_irrigation
century,2_5,COMPOSITE,1,2001,CWT,wheat,flood_irrigation
century,2_6,COMPOSITE,2,2001,IWF,fallow,sprinkler_irrigation
century,2_7,COMPOSITE,2,2001,IWC,fallow,sprinkler_irrigation
century,2_8,COMPOSITE,1,2001,RWL,wheat,none
century,2_9,COMPOSITE,1,2001,RWF,wheat,none
century,3_4,COMPOSITE,1,2001,IWF,fallow,sprinkler_irrigation
century,3_5,COMPOSITE,1,2001,IWC,wheat,sprinkler_irrigation
century,3_6,COMPOSITE,1,2001,UN,,none
century,3_7,COMPOSITE,3,2001,RWL,wheat,none
century,3_8,COMPOSITE,3,2001,RWL,wcc/fallow,none
century,3_9,COMPOSITE,3,2001,RWC,wheat,none
century,4_2,COMPOSITE,1,2001,IWF,wheat,sprinkler_irrigation
century,4_3,COMPOSITE,2,2001,CWT,solanum_lycopersicum,flood_irrigation
century,4_4,COMPOSITE,2,2001,LMT,solanum_lycopersicum,flood_irrigation
century,4_5,COMPOSITE,2,2001,CMT,maize,flood_irrigation
century,4_6,COMPOSITE,2,2001,IWF,wheat,sprinkler_irrigation
century,4_7,COMPOSITE,2,2001,IWL,fallow,sprinkler_irrigation
century,4_8,COMPOSITE,2,2001,IWL,wheat,sprinkler_irrigation
century,4_9,COMPOSITE,3,2001,RWC,fallow,none
century,5_1,COMPOSITE,1,2001,IWL,fallow,sprinkler_irrigation
century,5_2,COMPOSITE,1,2001,IWL,wheat,sprinkler_irrigation
century,5_3,COMPOSITE,2,2001,CWT,wheat,flood_irrigation
century,5_4,COMPOSITE,2,2001,UN,,none
century,5_5,COMPOSITE,2,2001,CMT,solanum_lycopersicum,flood_irrigation
century,5_6,COMPOSITE,2,2001,IWC,wheat,sprinkler_irrigation
century,5_7,COMPOSITE,3,2001,TR,,flood_irrigation
century,5_8,COMPOSITE,3,2001,RWF,wheat,none
century,5_9,COMPOSITE,3,2001,RWF,fallow,none
century,6_1,COMPOSITE,1,2001,IWC,fallow,sprinkler_irrigation
century,6_2,COMPOSITE,2,2001,RWC,wheat,none
century,6_3,COMPOSITE,2,2001,LMT,maize,flood_irrigation
century,6_4,COMPOSITE,2,2001,OMT,maize,flood_irrigation
century,6_5,COMPOSITE,2,2001,OMT,solanum_lycopersicum,flood_irrigation
century,6_6,COMPOSITE,3,2001,CWT,wheat,flood_irrigation
century,6_7,COMPOSITE,3,2001,LMT,maize,flood_irrigation
century,6_8,COMPOSITE,3,2001,OMT,maize,flood_irrigation
century,6_9,COMPOSITE,3,2001,LMT,solanum_lycopersicum,flood_irrigation
century,7_1,COMPOSITE,2,2001,UN,,none
century,7_2,COMPOSITE,2,2001,RWF,wheat,none
century,7_3,COMPOSITE,2,2001,RWL,wcc/fallow,none
century,7_4,COMPOSITE,2,2001,TR,,flood_irrigation
century,7_5,COMPOSITE,3,2001,IWL,wheat,sprinkler_irrigation
century,7_6,COMPOSITE,3,2001,IWL,fallow,sprinkler_irrigation
century,7_7,COMPOSITE,3,2001,IWC,wheat,sprinkler_irrigation
century,7_8,COMPOSITE,3,2001,CMT,solanum_lycopersicum,flood_irrigation
century,7_9,COMPOSITE,3,2001,CWT,solanum_lycopersicum,flood_irrigation
century,8_1,COMPOSITE,2,2001,RWL,wheat,none
century,8_2,COMPOSITE,2,2001,RWF,fallow,none
century,8_3,COMPOSITE,2,2001,RWC,fallow,none
century,8_4,COMPOSITE,3,2001,IWF,fallow,sprinkler_irrigation
century,8_5,COMPOSITE,3,2001,IWF,wheat,sprinkler_irrigation
century,8_6,COMPOSITE,3,2001,UN,,none
century,8_7,COMPOSITE,3,2001,IWC,fallow,sprinkler_irrigation
century,8_8,COMPOSITE,3,2001,OMT,solanum_lycopersicum,flood_irrigation
century,8_9,COMPOSITE,3,2001,CMT,maize,flood_irrigation
century,1_1,COMPOSITE,1,2002,LMT,solanum_lycopersicum,flood_irrigation
century,1_2,COMPOSITE,1,2002,OMT,maize,flood_irrigation
century,1_3,COMPOSITE,1,2002,CMT,solanum_lycopersicum,flood_irrigation
century,1_4,COMPOSITE,1,2002,CMT,maize,flood_irrigation
century,1_5,COMPOSITE,1,2002,CWT,wheat,flood_irrigation
century,1_6,COMPOSITE,1,2002,RWL,wheat,none
century,1_7,COMPOSITE,1,2002,RWC,wheat,none
century,1_8,COMPOSITE,1,2002,RWC,fallow,none
century,1_9,COMPOSITE,1,2002,RWF,wheat,none
century,2_2,COMPOSITE,1,2002,TR,,flood_irrigation
century,2_3,COMPOSITE,1,2002,OMT,solanum_lycopersicum,flood_irrigation
century,2_4,COMPOSITE,1,2002,LMT,maize,flood_irrigation
century,2_5,COMPOSITE,1,2002,CWT,solanum_lycopersicum,flood_irrigation
century,2_6,COMPOSITE,2,2002,IWF,wheat,sprinkler_irrigation
century,2_7,COMPOSITE,2,2002,IWC,wheat,sprinkler_irrigation
century,2_8,COMPOSITE,1,2002,RWL,wcc/fallow,none
century,2_9,COMPOSITE,1,2002,RWF,fallow,none
century,3_4,COMPOSITE,1,2002,IWF,wheat,sprinkler_irrigation
century,3_5,COMPOSITE,1,2002,IWC,fallow,sprinkler_irrigation
century,3_6,COMPOSITE,1,2002,UN,,none
century,3_7,COMPOSITE,3,2002,RWL,wcc/fallow,none
century,3_8,COMPOSITE,3,2002,RWL,wheat,none
century,3_9,COMPOSITE,3,2002,RWC,fallow,none
century,4_2,COMPOSITE,1,2002,IWF,fallow,sprinkler_irrigation
century,4_3,COMPOSITE,2,2002,CWT,wheat,flood_irrigation
century,4_4,COMPOSITE,2,2002,LMT,maize,flood_irrigation
century,4_5,COMPOSITE,2,2002,CMT,solanum_lycopersicum,flood_irrigation
century,4_6,COMPOSITE,2,2002,IWF,fallow,sprinkler_irrigation
century,4_7,COMPOSITE,2,2002,IWL,wheat,sprinkler_irrigation
century,4_8,COMPOSITE,2,2002,IWL,wcc/fallow,sprinkler_irrigation
century,4_9,COMPOSITE,3,2002,RWC,wheat,none
century,5_1,COMPOSITE,1,2002,IWL,wheat,sprinkler_irrigation
century,5_2,COMPOSITE,1,2002,IWL,wcc/fallow,sprinkler_irrigation
century,5_3,COMPOSITE,2,2002,CWT,solanum_lycopersicum,flood_irrigation
century,5_4,COMPOSITE,2,2002,UN,,none
century,5_5,COMPOSITE,2,2002,CMT,maize,flood_irrigation
century,5_6,COMPOSITE,2,2002,IWC,fallow,sprinkler_irrigation
century,5_7,COMPOSITE,3,2002,TR,,flood_irrigation
century,5_8,COMPOSITE,3,2002,RWF,fallow,none
century,5_9,COMPOSITE,3,2002,RWF,wheat,none
century,6_1,COMPOSITE,1,2002,IWC,wheat,sprinkler_irrigation
century,6_2,COMPOSITE,2,2002,RWC,fallow,none
century,6_3,COMPOSITE,2,2002,LMT,solanum_lycopersicum,flood_irrigation
century,6_4,COMPOSITE,2,2002,OMT,maize,flood_irrigation
century,6_5,COMPOSITE,2,2002,OMT,solanum_lycopersicum,flood_irrigation
century,6_6,COMPOSITE,3,2002,CWT,solanum_lycopersicum,flood_irrigation
century,6_7,COMPOSITE,3,2002,LMT,solanum_lycopersicum,flood_irrigation
century,6_8,COMPOSITE,3,2002,OMT,solanum_lycopersicum,flood_irrigation
century,6_9,COMPOSITE,3,2002,LMT,maize,flood_irrigation
century,7_1,COMPOSITE,2,2002,UN,,none
century,7_2,COMPOSITE,2,2002,RWF,fallow,none
century,7_3,COMPOSITE,2,2002,RWL,wheat,none
century,7_4,COMPOSITE,2,2002,TR,,flood_irrigation
century,7_5,COMPOSITE,3,2002,IWL,fallow,sprinkler_irrigation
century,7_6,COMPOSITE,3,2002,IWL,wheat,sprinkler_irrigation
century,7_7,COMPOSITE,3,2002,IWC,fallow,sprinkler_irrigation
century,7_8,COMPOSITE,3,2002,CMT,maize,flood_irrigation
century,7_9,COMPOSITE,3,2002,CWT,wheat,flood_irrigation
century,8_1,COMPOSITE,2,2002,RWL,wcc/fallow,none
century,8_2,COMPOSITE,2,2002,RWF,wheat,none
century,8_3,COMPOSITE,2,2002,RWC,wheat,none
century,8_4,COMPOSITE,3,2002,IWF,wheat,sprinkler_irrigation
century,8_5,COMPOSITE,3,2002,IWF,fallow,sprinkler_irrigation
century,8_6,COMPOSITE,3,2002,UN,,none
century,8_7,COMPOSITE,3,2002,IWC,wheat,sprinkler_irrigation
century,8_8,COMPOSITE,3,2002,OMT,maize,flood_irrigation
century,8_9,COMPOSITE,3,2002,CMT,solanum_lycopersicum,flood_irrigation
century,1_1,COMPOSITE,1,2003,LMT,maize,flood_irrigation
century,1_2,COMPOSITE,1,2003,OMT,solanum_lycopersicum,flood_irrigation
century,1_3,COMPOSITE,1,2003,CMT,maize,flood_irrigation
century,1_4,COMPOSITE,1,2003,CMT,solanum_lycopersicum,flood_irrigation
century,1_5,COMPOSITE,1,2003,CWT,solanum_lycopersicum,flood_irrigation
century,1_6,COMPOSITE,1,2003,RWL,wcc/fallow,none
century,1_7,COMPOSITE,1,2003,RWC,fallow,none
century,1_8,COMPOSITE,1,2003,RWC,wheat,none
century,1_9,COMPOSITE,1,2003,RWF,fallow,none
century,2_2,COMPOSITE,1,2003,TR,,flood_irrigation
century,2_3,COMPOSITE,1,2003,OMT,maize,flood_irrigation
century,2_4,COMPOSITE,1,2003,LMT,solanum_lycopersicum,flood_irrigation
century,2_5,COMPOSITE,1,2003,CWT,wheat,flood_irrigation
century,2_6,COMPOSITE,2,2003,IWF,fallow,sprinkler_irrigation
century,2_7,COMPOSITE,2,2003,IWC,fallow,sprinkler_irrigation
century,2_8,COMPOSITE,1,2003,RWL,wheat,none
century,2_9,COMPOSITE,1,2003,RWF,wheat,none
century,3_4,COMPOSITE,1,2003,IWF,fallow,sprinkler_irrigation
century,3_5,COMPOSITE,1,2003,IWC,wheat,sprinkler_irrigation
century,3_6,COMPOSITE,1,2003,UN,,none
century,3_7,COMPOSITE,3,2003,RWL,wheat,none
century,3_8,COMPOSITE,3,2003,RWL,wcc/fallow,none
century,3_9,COMPOSITE,3,2003,RWC,wheat,none
century,4_2,COMPOSITE,1,2003,IWF,wheat,sprinkler_irrigation
century,4_3,COMPOSITE,2,2003,CWT,solanum_lycopersicum,flood_irrigation
century,4_4,COMPOSITE,2,2003,LMT,solanum_lycopersicum,flood_irrigation
century,4_5,COMPOSITE,2,2003,CMT,maize,flood_irrigation
century,4_6,COMPOSITE,2,2003,IWF,wheat,sprinkler_irrigation
century,4_7,COMPOSITE,2,2003,IWL,fallow,sprinkler_irrigation
century,4_8,COMPOSITE,2,2003,IWL,wheat,sprinkler_irrigation
century,4_9,COMPOSITE,3,2003,RWC,fallow,none
century,5_1,COMPOSITE,1,2003,IWL,fallow,sprinkler_irrigation
century,5_2,COMPOSITE,1,2003,IWL,wheat,sprinkler_irrigation
century,5_3,COMPOSITE,2,2003,CWT,wheat,flood_irrigation
century,5_4,COMPOSITE,2,2003,UN,,none
century,5_5,COMPOSITE,2,2003,CMT,solanum_lycopersicum,flood_irrigation
century,5_6,COMPOSITE,2,2003,IWC,wheat,sprinkler_irrigation
century,5_7,COMPOSITE,3,2003,TR,,flood_irrigation
century,5_8,COMPOSITE,3,2003,RWF,wheat,none
century,5_9,COMPOSITE,3,2003,RWF,fallow,none
century,6_1,COMPOSITE,1,2003,IWC,fallow,sprinkler_irrigation
century,6_2,COMPOSITE,2,2003,RWC,wheat,none
century,6_3,COMPOSITE,2,2003,LMT,maize,flood_irrigation
century,6_4,COMPOSITE,2,2003,OMT,maize,flood_irrigation
century,6_5,COMPOSITE,2,2003,OMT,solanum_lycopersicum,flood_irrigation
century,6_6,COMPOSITE,3,2003,CWT,wheat,flood_irrigation
century,6_7,COMPOSITE,3,2003,LMT,maize,flood_irrigation
century,6_8,COMPOSITE,3,2003,OMT,maize,flood_irrigation
century,6_9,COMPOSITE,3,2003,LMT,solanum_lycopersicum,flood_irrigation
century,7_1,COMPOSITE,2,2003,UN,,none
century,7_2,COMPOSITE,2,2003,RWF,wheat,none
century,7_3,COMPOSITE,2,2003,RWL,wcc/fallow,none
century,7_4,COMPOSITE,2,2003,TR,,flood_irrigation
century,7_5,COMPOSITE,3,2003,IWL,wheat,sprinkler_irrigation
century,7_6,COMPOSITE,3,2003,IWL,fallow,sprinkler_irrigation
century,7_7,COMPOSITE,3,2003,IWC,wheat,sprinkler_irrigation
century,7_8,COMPOSITE,3,2003,CMT,solanum_lycopersicum,flood_irrigation
century,7_9,COMPOSITE,3,2003,CWT,solanum_lycopersicum,flood_irrigation
century,8_1,COMPOSITE,2,2003,RWL,wheat,none
century,8_2,COMPOSITE,2,2003,RWF,fallow,none
century,8_3,COMPOSITE,2,2003,RWC,fallow,none
century,8_4,COMPOSITE,3,2003,IWF,fallow,sprinkler_irrigation
century,8_5,COMPOSITE,3,2003,IWF,wheat,sprinkler_irrigation
century,8_6,COMPOSITE,3,2003,UN,,none
century,8_7,COMPOSITE,3,2003,IWC,fallow,sprinkler_irrigation
century,8_8,COMPOSITE,3,2003,OMT,solanum_lycopersicum,flood_irrigation
century,8_9,COMPOSITE,3,2003,CMT,maize,flood_irrigation
century,1_1,COMPOSITE,1,2004,LMT,solanum_lycopersicum,flood_irrigation
century,1_2,COMPOSITE,1,2004,OMT,maize,flood_irrigation
century,1_3,COMPOSITE,1,2004,CMT,solanum_lycopersicum,flood_irrigation
century,1_4,COMPOSITE,1,2004,CMT,maize,flood_irrigation
century,1_5,COMPOSITE,1,2004,CWT,wheat,flood_irrigation
century,1_6,COMPOSITE,1,2004,RWL,wheat,none
century,1_7,COMPOSITE,1,2004,RWC,wheat,none
century,1_8,COMPOSITE,1,2004,RWC,fallow,none
century,1_9,COMPOSITE,1,2004,RWF,wheat,none
century,2_2,COMPOSITE,1,2004,TR,,flood_irrigation
century,2_3,COMPOSITE,1,2004,OMT,solanum_lycopersicum,flood_irrigation
century,2_4,COMPOSITE,1,2004,LMT,maize,flood_irrigation
century,2_5,COMPOSITE,1,2004,CWT,solanum_lycopersicum,flood_irrigation
century,2_6,COMPOSITE,2,2004,IWF,wheat,sprinkler_irrigation
century,2_7,COMPOSITE,2,2004,IWC,wheat,sprinkler_irrigation
century,2_8,COMPOSITE,1,2004,RWL,wcc/fallow,none
century,2_9,COMPOSITE,1,2004,RWF,fallow,none
century,3_4,COMPOSITE,1,2004,IWF,wheat,sprinkler_irrigation
century,3_5,COMPOSITE,1,2004,IWC,fallow,sprinkler_irrigation
century,3_6,COMPOSITE,1,2004,UN,,none
century,3_7,COMPOSITE,3,2004,RWL,wcc/fallow,none
century,3_8,COMPOSITE,3,2004,RWL,wheat,none
century,3_9,COMPOSITE,3,2004,RWC,fallow,none
century,4_2,COMPOSITE,1,2004,IWF,fallow,sprinkler_irrigation
century,4_3,COMPOSITE,2,2004,CWT,wheat,flood_irrigation
century,4_4,COMPOSITE,2,2004,LMT,maize,flood_irrigation
century,4_5,COMPOSITE,2,2004,CMT,solanum_lycopersicum,flood_irrigation
century,4_6,COMPOSITE,2,2004,IWF,fallow,sprinkler_irrigation
century,4_7,COMPOSITE,2,2004,IWL,wheat,sprinkler_irrigation
century,4_8,COMPOSITE,2,2004,IWL,wcc/fallow,sprinkler_irrigation
century,4_9,COMPOSITE,3,2004,RWC,wheat,none
century,5_1,COMPOSITE,1,2004,IWL,wheat,sprinkler_irrigation
century,5_2,COMPOSITE,1,2004,IWL,wcc/fallow,sprinkler_irrigation
century,5_3,COMPOSITE,2,2004,CWT,solanum_lycopersicum,flood_irrigation
century,5_4,COMPOSITE,2,2004,UN,,none
century,5_5,COMPOSITE,2,2004,CMT,maize,flood_irrigation
century,5_6,COMPOSITE,2,2004,IWC,fallow,sprinkler_irrigation
century,5_7,COMPOSITE,3,2004,TR,,flood_irrigation
century,5_8,COMPOSITE,3,2004,RWF,fallow,none
century,5_9,COMPOSITE,3,2004,RWF,wheat,none
century,6_1,COMPOSITE,1,2004,IWC,wheat,sprinkler_irrigation
century,6_2,COMPOSITE,2,2004,RWC,fallow,none
century,6_3,COMPOSITE,2,2004,LMT,solanum_lycopersicum,flood_irrigation
century,6_4,COMPOSITE,2,2004,OMT,maize,flood_irrigation
century,6_5,COMPOSITE,2,2004,OMT,solanum_lycopersicum,flood_irrigation
century,6_6,COMPOSITE,3,2004,CWT,solanum_lycopersicum,flood_irrigation
century,6_7,COMPOSITE,3,2004,LMT,solanum_lycopersicum,flood_irrigation
century,6_8,COMPOSITE,3,2004,OMT,solanum_lycopersicum,flood_irrigation
century,6_9,COMPOSITE,3,2004,LMT,maize,flood_irrigation
century,7_1,COMPOSITE,2,2004,UN,,none
century,7_2,COMPOSITE,2,2004,RWF,fallow,none
century,7_3,COMPOSITE,2,2004,RWL,wheat,none
century,7_4,COMPOSITE,2,2004,TR,,flood_irrigation
century,7_5,COMPOSITE,3,2004,IWL,fallow,sprinkler_irrigation
century,7_6,COMPOSITE,3,2004,IWL,wheat,sprinkler_irrigation
century,7_7,COMPOSITE,3,2004,IWC,fallow,sprinkler_irrigation
century,7_8,COMPOSITE,3,2004,CMT,maize,flood_irrigation
century,7_9,COMPOSITE,3,2004,CWT,wheat,flood_irrigation
century,8_1,COMPOSITE,2,2004,RWL,wcc/fallow,none
century,8_2,COMPOSITE,2,2004,RWF,wheat,none
century,8_3,COMPOSITE,2,2004,RWC,wheat,none
century,8_4,COMPOSITE,3,2004,IWF,wheat,sprinkler_irrigation
century,8_5,COMPOSITE,3,2004,IWF,fallow,sprinkler_irrigation
century,8_6,COMPOSITE,3,2004,UN,,none
century,8_7,COMPOSITE,3,2004,IWC,wheat,sprinkler_irrigation
century,8_8,COMPOSITE,3,2004,OMT,maize,flood_irrigation
century,8_9,COMPOSITE,3,2004,CMT,solanum_lycopersicum,flood_irrigation
century,1_1,COMPOSITE,1,2005,LMT,maize,flood_irrigation
century,1_2,COMPOSITE,1,2005,OMT,solanum_lycopersicum,flood_irrigation
century,1_3,COMPOSITE,1,2005,CMT,maize,flood_irrigation
century,1_4,COMPOSITE,1,2005,CMT,solanum_lycopersicum,flood_irrigation
century,1_5,COMPOSITE,1,2005,CWT,solanum_lycopersicum,flood_irrigation
century,1_6,COMPOSITE,1,2005,RWL,wcc/fallow,none
century,1_7,COMPOSITE,1,2005,RWC,fallow,none
century,1_8,COMPOSITE,1,2005,RWC,wheat,none
century,1_9,COMPOSITE,1,2005,RWF,fallow,none
century,2_2,COMPOSITE,1,2005,TR,,flood_irrigation
century,2_3,COMPOSITE,1,2005,OMT,maize,flood_irrigation
century,2_4,COMPOSITE,1,2005,LMT,solanum_lycopersicum,flood_irrigation
century,2_5,COMPOSITE,1,2005,CWT,wheat,flood_irrigation
century,2_6,COMPOSITE,2,2005,IWF,fallow,sprinkler_irrigation
century,2_7,COMPOSITE,2,2005,IWC,fallow,sprinkler_irrigation
century,2_8,COMPOSITE,1,2005,RWL,wheat,none
century,2_9,COMPOSITE,1,2005,RWF,wheat,none
century,3_4,COMPOSITE,1,2005,IWF,fallow,sprinkler_irrigation
century,3_5,COMPOSITE,1,2005,IWC,wheat,sprinkler_irrigation
century,3_6,COMPOSITE,1,2005,UN,,none
century,3_7,COMPOSITE,3,2005,RWL,wheat,none
century,3_8,COMPOSITE,3,2005,RWL,wcc/fallow,none
century,3_9,COMPOSITE,3,2005,RWC,wheat,none
century,4_2,COMPOSITE,1,2005,IWF,wheat,sprinkler_irrigation
century,4_3,COMPOSITE,2,2005,CWT,solanum_lycopersicum,flood_irrigation
century,4_4,COMPOSITE,2,2005,LMT,solanum_lycopersicum,flood_irrigation
century,4_5,COMPOSITE,2,2005,CMT,maize,flood_irrigation
century,4_6,COMPOSITE,2,2005,IWF,wheat,sprinkler_irrigation
century,4_7,COMPOSITE,2,2005,IWL,fallow,sprinkler_irrigation
century,4_8,COMPOSITE,2,2005,IWL,wheat,sprinkler_irrigation
century,4_9,COMPOSITE,3,2005,RWC,fallow,none
century,5_1,COMPOSITE,1,2005,IWL,fallow,sprinkler_irrigation
century,5_2,COMPOSITE,1,2005,IWL,wheat,sprinkler_irrigation
century,5_3,COMPOSITE,2,2005,CWT,wheat,flood_irrigation
century,5_4,COMPOSITE,2,2005,UN,,none
century,5_5,COMPOSITE,2,2005,CMT,solanum_lycopersicum,flood_irrigation
century,5_6,COMPOSITE,2,2005,IWC,wheat,sprinkler_irrigation
century,5_7,COMPOSITE,3,2005,TR,,flood_irrigation
century,5_8,COMPOSITE,3,2005,RWF,wheat,none
century,5_9,COMPOSITE,3,2005,RWF,fallow,none
century,6_1,COMPOSITE,1,2005,IWC,fallow,sprinkler_irrigation
century,6_2,COMPOSITE,2,2005,RWC,wheat,none
century,6_3,COMPOSITE,2,2005,LMT,maize,flood_irrigation
century,6_4,COMPOSITE,2,2005,OMT,maize,flood_irrigation
century,6_5,COMPOSITE,2,2005,OMT,solanum_lycopersicum,flood_irrigation
century,6_6,COMPOSITE,3,2005,CWT,wheat,flood_irrigation
century,6_7,COMPOSITE,3,2005,LMT,maize,flood_irrigation
century,6_8,COMPOSITE,3,2005,OMT,maize,flood_irrigation
century,6_9,COMPOSITE,3,2005,LMT,solanum_lycopersicum,flood_irrigation
century,7_1,COMPOSITE,2,2005,UN,,none
century,7_2,COMPOSITE,2,2005,RWF,wheat,none
century,7_3,COMPOSITE,2,2005,RWL,wcc/fallow,none
century,7_4,COMPOSITE,2,2005,TR,,flood_irrigation
century,7_5,COMPOSITE,3,2005,IWL,wheat,sprinkler_irrigation
century,7_6,COMPOSITE,3,2005,IWL,fallow,sprinkler_irrigation
century,7_7,COMPOSITE,3,2005,IWC,wheat,sprinkler_irrigation
century,7_8,COMPOSITE,3,2005,CMT,solanum_lycopersicum,flood_irrigation
century,7_9,COMPOSITE,3,2005,CWT,solanum_lycopersicum,flood_irrigation
century,8_1,COMPOSITE,2,2005,RWL,wheat,none
century,8_2,COMPOSITE,2,2005,RWF,fallow,none
century,8_3,COMPOSITE,2,2005,RWC,fallow,none
century,8_4,COMPOSITE,3,2005,IWF,fallow,sprinkler_irrigation
century,8_5,COMPOSITE,3,2005,IWF,wheat,sprinkler_irrigation
century,8_6,COMPOSITE,3,2005,UN,,none
century,8_7,COMPOSITE,3,2005,IWC,fallow,sprinkler_irrigation
century,8_8,COMPOSITE,3,2005,OMT,solanum_lycopersicum,flood_irrigation
century,8_9,COMPOSITE,3,2005,CMT,maize,flood_irrigation
century,1_1,COMPOSITE,1,2006,LMT,solanum_lycopersicum,flood_irrigation
century,1_2,COMPOSITE,1,2006,OMT,maize,flood_irrigation
century,1_3,COMPOSITE,1,2006,CMT,solanum_lycopersicum,flood_irrigation
century,1_4,COMPOSITE,1,2006,CMT,maize,flood_irrigation
century,1_5,COMPOSITE,1,2006,CWT,wheat,flood_irrigation
century,1_6,COMPOSITE,1,2006,RWL,wheat,none
century,1_7,COMPOSITE,1,2006,RWC,wheat,none
century,1_8,COMPOSITE,1,2006,RWC,fallow,none
century,1_9,COMPOSITE,1,2006,RWF,wheat,none
century,2_2,COMPOSITE,1,2006,TR,,flood_irrigation
century,2_3,COMPOSITE,1,2006,OMT,solanum_lycopersicum,flood_irrigation
century,2_4,COMPOSITE,1,2006,LMT,maize,flood_irrigation
century,2_5,COMPOSITE,1,2006,CWT,solanum_lycopersicum,flood_irrigation
century,2_6,COMPOSITE,2,2006,IWF,wheat,sprinkler_irrigation
century,2_7,COMPOSITE,2,2006,IWC,wheat,sprinkler_irrigation
century,2_8,COMPOSITE,1,2006,RWL,wcc/fallow,none
century,2_9,COMPOSITE,1,2006,RWF,fallow,none
century,3_4,COMPOSITE,1,2006,IWF,wheat,sprinkler_irrigation
century,3_5,COMPOSITE,1,2006,IWC,fallow,sprinkler_irrigation
century,3_6,COMPOSITE,1,2006,UN,,none
century,3_7,COMPOSITE,3,2006,RWL,wcc/fallow,none
century,3_8,COMPOSITE,3,2006,RWL,wheat,none
century,3_9,COMPOSITE,3,2006,RWC,fallow,none
century,4_2,COMPOSITE,1,2006,IWF,fallow,sprinkler_irrigation
century,4_3,COMPOSITE,2,2006,CWT,wheat,flood_irrigation
century,4_4,COMPOSITE,2,2006,LMT,maize,flood_irrigation
century,4_5,COMPOSITE,2,2006,CMT,solanum_lycopersicum,flood_irrigation
century,4_6,COMPOSITE,2,2006,IWF,fallow,sprinkler_irrigation
century,4_7,COMPOSITE,2,2006,IWL,wheat,sprinkler_irrigation
century,4_8,COMPOSITE,2,2006,IWL,wcc/fallow,sprinkler_irrigation
century,4_9,COMPOSITE,3,2006,RWC,wheat,none
century,5_1,COMPOSITE,1,2006,IWL,wheat,sprinkler_irrigation
century,5_2,COMPOSITE,1,2006,IWL,wcc/fallow,sprinkler_irrigation
century,5_3,COMPOSITE,2,2006,CWT,solanum_lycopersicum,flood_irrigation
century,5_4,COMPOSITE,2,2006,UN,,none
century,5_5,COMPOSITE,2,2006,CMT,maize,flood_irrigation
century,5_6,COMPOSITE,2,2006,IWC,fallow,sprinkler_irrigation
century,5_7,COMPOSITE,3,2006,TR,,flood_irrigation
century,5_8,COMPOSITE,3,2006,RWF,fallow,none
century,5_9,COMPOSITE,3,2006,RWF,wheat,none
century,6_1,COMPOSITE,1,2006,IWC,wheat,sprinkler_irrigation
century,6_2,COMPOSITE,2,2006,RWC,fallow,none
century,6_3,COMPOSITE,2,2006,LMT,solanum_lycopersicum,flood_irrigation
century,6_4,COMPOSITE,2,2006,OMT,maize,flood_irrigation
century,6_5,COMPOSITE,2,2006,OMT,solanum_lycopersicum,flood_irrigation
century,6_6,COMPOSITE,3,2006,CWT,solanum_lycopersicum,flood_irrigation
century,6_7,COMPOSITE,3,2006,LMT,solanum_lycopersicum,flood_irrigation
century,6_8,COMPOSITE,3,2006,OMT,solanum_lycopersicum,flood_irrigation
century,6_9,COMPOSITE,3,2006,LMT,maize,flood_irrigation
century,7_1,COMPOSITE,2,2006,UN,,none
century,7_2,COMPOSITE,2,2006,RWF,fallow,none
century,7_3,COMPOSITE,2,2006,RWL,wheat,none
century,7_4,COMPOSITE,2,2006,TR,,flood_irrigation
century,7_5,COMPOSITE,3,2006,IWL,fallow,sprinkler_irrigation
century,7_6,COMPOSITE,3,2006,IWL,wheat,sprinkler_irrigation
century,7_7,COMPOSITE,3,2006,IWC,fallow,sprinkler_irrigation
century,7_8,COMPOSITE,3,2006,CMT,maize,flood_irrigation
century,7_9,COMPOSITE,3,2006,CWT,wheat,flood_irrigation
century,8_1,COMPOSITE,2,2006,RWL,wcc/fallow,none
century,8_2,COMPOSITE,2,2006,RWF,wheat,none
century,8_3,COMPOSITE,2,2006,RWC,wheat,none
century,8_4,COMPOSITE,3,2006,IWF,wheat,sprinkler_irrigation
century,8_5,COMPOSITE,3,2006,IWF,fallow,sprinkler_irrigation
century,8_6,COMPOSITE,3,2006,UN,,none
century,8_7,COMPOSITE,3,2006,IWC,wheat,sprinkler_irrigation
century,8_8,COMPOSITE,3,2006,OMT,maize,flood_irrigation
century,8_9,COMPOSITE,3,2006,CMT,solanum_lycopersicum,flood_irrigation
century,1_1,COMPOSITE,1,2007,LMT,maize,flood_irrigation
century,1_2,COMPOSITE,1,2007,OMT,solanum_lycopersicum,flood_irrigation
century,1_3,COMPOSITE,1,2007,CMT,maize,flood_irrigation
century,1_4,COMPOSITE,1,2007,CMT,solanum_lycopersicum,flood_irrigation
century,1_5,COMPOSITE,1,2007,CWT,solanum_lycopersicum,flood_irrigation
century,1_6,COMPOSITE,1,2007,RWL,wcc/fallow,none
century,1_7,COMPOSITE,1,2007,RWC,fallow,none
century,1_8,COMPOSITE,1,2007,RWC,wheat,none
century,1_9,COMPOSITE,1,2007,RWF,fallow,none
century,2_2,COMPOSITE,1,2007,TR,,flood_irrigation
century,2_3,COMPOSITE,1,2007,OMT,maize,flood_irrigation
century,2_4,COMPOSITE,1,2007,LMT,solanum_lycopersicum,flood_irrigation
century,2_5,COMPOSITE,1,2007,CWT,wheat,flood_irrigation
century,2_6,COMPOSITE,2,2007,IWF,fallow,sprinkler_irrigation
century,2_7,COMPOSITE,2,2007,IWC,fallow,sprinkler_irrigation
century,2_8,COMPOSITE,1,2007,RWL,wheat,none
century,2_9,COMPOSITE,1,2007,RWF,wheat,none
century,3_4,COMPOSITE,1,2007,IWF,fallow,sprinkler_irrigation
century,3_5,COMPOSITE,1,2007,IWC,wheat,sprinkler_irrigation
century,3_6,COMPOSITE,1,2007,UN,,none
century,3_7,COMPOSITE,3,2007,RWL,wheat,none
century,3_8,COMPOSITE,3,2007,RWL,wcc/fallow,none
century,3_9,COMPOSITE,3,2007,RWC,wheat,none
century,4_2,COMPOSITE,1,2007,IWF,wheat,sprinkler_irrigation
century,4_3,COMPOSITE,2,2007,CWT,solanum_lycopersicum,flood_irrigation
century,4_4,COMPOSITE,2,2007,LMT,solanum_lycopersicum,flood_irrigation
century,4_5,COMPOSITE,2,2007,CMT,maize,flood_irrigation
century,4_6,COMPOSITE,2,2007,IWF,wheat,sprinkler_irrigation
century,4_7,COMPOSITE,2,2007,IWL,fallow,sprinkler_irrigation
century,4_8,COMPOSITE,2,2007,IWL,wheat,sprinkler_irrigation
century,4_9,COMPOSITE,3,2007,RWC,fallow,none
century,5_1,COMPOSITE,1,2007,IWL,fallow,sprinkler_irrigation
century,5_2,COMPOSITE,1,2007,IWL,wheat,sprinkler_irrigation
century,5_3,COMPOSITE,2,2007,CWT,wheat,flood_irrigation
century,5_4,COMPOSITE,2,2007,UN,,none
century,5_5,COMPOSITE,2,2007,CMT,solanum_lycopersicum,flood_irrigation
century,5_6,COMPOSITE,2,2007,IWC,wheat,sprinkler_irrigation
century,5_7,COMPOSITE,3,2007,TR,,flood_irrigation
century,5_8,COMPOSITE,3,2007,RWF,wheat,none
century,5_9,COMPOSITE,3,2007,RWF,fallow,none
century,6_1,COMPOSITE,1,2007,IWC,fallow,sprinkler_irrigation
century,6_2,COMPOSITE,2,2007,RWC,wheat,none
century,6_3,COMPOSITE,2,2007,LMT,maize,flood_irrigation
century,6_4,COMPOSITE,2,2007,OMT,maize,flood_irrigation
century,6_5,COMPOSITE,2,2007,OMT,solanum_lycopersicum,flood_irrigation
century,6_6,COMPOSITE,3,2007,CWT,wheat,flood_irrigation
century,6_7,COMPOSITE,3,2007,LMT,maize,flood_irrigation
century,6_8,COMPOSITE,3,2007,OMT,maize,flood_irrigation
century,6_9,COMPOSITE,3,2007,LMT,solanum_lycopersicum,flood_irrigation
century,7_1,COMPOSITE,2,2007,UN,,none
century,7_2,COMPOSITE,2,2007,RWF,wheat,none
century,7_3,COMPOSITE,2,2007,RWL,wcc/fallow,none
century,7_4,COMPOSITE,2,2007,TR,,flood_irrigation
century,7_5,COMPOSITE,3,2007,IWL,wheat,sprinkler_irrigation
century,7_6,COMPOSITE,3,2007,IWL,fallow,sprinkler_irrigation
century,7_7,COMPOSITE,3,2007,IWC,wheat,sprinkler_irrigation
century,7_8,COMPOSITE,3,2007,CMT,solanum_lycopersicum,flood_irrigation
century,7_9,COMPOSITE,3,2007,CWT,solanum_lycopersicum,flood_irrigation
century,8_1,COMPOSITE,2,2007,RWL,wheat,none
century,8_2,COMPOSITE,2,2007,RWF,fallow,none
century,8_3,COMPOSITE,2,2007,RWC,fallow,none
century,8_4,COMPOSITE,3,2007,IWF,fallow,sprinkler_irrigation
century,8_5,COMPOSITE,3,2007,IWF,wheat,sprinkler_irrigation
century,8_6,COMPOSITE,3,2007,UN,,none
century,8_7,COMPOSITE,3,2007,IWC,fallow,sprinkler_irrigation
century,8_8,COMPOSITE,3,2007,OMT,solanum_lycopersicum,flood_irrigation
century,8_9,COMPOSITE,3,2007,CMT,maize,flood_irrigation
century,1_1,COMPOSITE,1,2008,LMT,solanum_lycopersicum,flood_irrigation
century,1_2,COMPOSITE,1,2008,OMT,maize,flood_irrigation
century,1_3,COMPOSITE,1,2008,CMT,solanum_lycopersicum,flood_irrigation
century,1_4,COMPOSITE,1,2008,CMT,,flood_irrigation
century,1_5,COMPOSITE,1,2008,CWT,wheat,flood_irrigation
century,1_6,COMPOSITE,1,2008,RWL,wheat,none
century,1_7,COMPOSITE,1,2008,RWC,wheat,none
century,1_8,COMPOSITE,1,2008,RWC,fallow,none
century,1_9,COMPOSITE,1,2008,RWF,wheat,none
century,2_2,COMPOSITE,1,2008,TR,,flood_irrigation
century,2_3,COMPOSITE,1,2008,OMT,solanum_lycopersicum,flood_irrigation
century,2_4,COMPOSITE,1,2008,LMT,maize,flood_irrigation
century,2_5,COMPOSITE,1,2008,CWT,solanum_lycopersicum,flood_irrigation
century,2_6,COMPOSITE,2,2008,IWF,wheat,sprinkler_irrigation
century,2_7,COMPOSITE,2,2008,IWC,wheat,sprinkler_irrigation
century,2_8,COMPOSITE,1,2008,RWL,wcc/fallow,none
century,2_9,COMPOSITE,1,2008,RWF,fallow,none
century,3_4,COMPOSITE,1,2008,IWF,wheat,sprinkler_irrigation
century,3_5,COMPOSITE,1,2008,IWC,fallow,sprinkler_irrigation
century,3_6,COMPOSITE,1,2008,UN,,none
century,3_7,COMPOSITE,3,2008,RWL,wcc/fallow,none
century,3_8,COMPOSITE,3,2008,RWL,wheat,none
century,3_9,COMPOSITE,3,2008,RWC,fallow,none
century,4_2,COMPOSITE,1,2008,IWF,fallow,sprinkler_irrigation
century,4_3,COMPOSITE,2,2008,CWT,wheat,flood_irrigation
century,4_4,COMPOSITE,2,2008,LMT,maize,flood_irrigation
century,4_5,COMPOSITE,2,2008,CMT,solanum_lycopersicum,flood_irrigation
century,4_6,COMPOSITE,2,2008,IWF,fallow,sprinkler_irrigation
century,4_7,COMPOSITE,2,2008,IWL,wheat,sprinkler_irrigation
century,4_9,COMPOSITE,3,2008,RWC,wheat,none
century,5_1,COMPOSITE,1,2008,IWL,wheat,sprinkler_irrigation
century,5_3,COMPOSITE,2,2008,CWT,solanum_lycopersicum,flood_irrigation
century,5_6,COMPOSITE,2,2008,IWC,fallow,sprinkler_irrigation
century,5_7,COMPOSITE,3,2008,TR,,flood_irrigation
century,5_8,COMPOSITE,3,2008,RWF,fallow,none
century,5_9,COMPOSITE,3,2008,RWF,wheat,none
century,6_1,COMPOSITE,1,2008,IWC,wheat,sprinkler_irrigation
century,6_2,COMPOSITE,2,2008,RWC,fallow,none
century,6_3,COMPOSITE,2,2008,LMT,solanum_lycopersicum,flood_irrigation
century,6_4,COMPOSITE,2,2008,OMT,maize,flood_irrigation
century,6_5,COMPOSITE,2,2008,OMT,solanum_lycopersicum,flood_irrigation
century,6_6,COMPOSITE,3,2008,CWT,solanum_lycopersicum,flood_irrigation
century,6_7,COMPOSITE,3,2008,LMT,solanum_lycopersicum,flood_irrigation
century,6_8,COMPOSITE,3,2008,OMT,solanum_lycopersicum,flood_irrigation
century,6_9,COMPOSITE,3,2008,LMT,maize,flood_irrigation
century,7_1,COMPOSITE,2,2008,UN,,none
century,7_2,COMPOSITE,2,2008,RWF,fallow,none
century,7_3,COMPOSITE,2,2008,RWL,wheat,none
century,7_4,COMPOSITE,2,2008,TR,,flood_irrigation
century,7_6,COMPOSITE,3,2008,IWL,wheat,sprinkler_irrigation
century,7_7,COMPOSITE,3,2008,IWC,fallow,sprinkler_irrigation
century,7_9,COMPOSITE,3,2008,CWT,wheat,flood_irrigation
century,8_1,COMPOSITE,2,2008,RWL,wcc/fallow,none
century,8_2,COMPOSITE,2,2008,RWF,wheat,none
century,8_3,COMPOSITE,2,2008,RWC,wheat,none
century,8_4,COMPOSITE,3,2008,IWF,wheat,sprinkler_irrigation
century,8_5,COMPOSITE,3,2008,IWF,fallow,sprinkler_irrigation
century,8_6,COMPOSITE,3,2008,UN,,none
century,8_7,COMPOSITE,3,2008,IWC,wheat,sprinkler_irrigation
century,8_8,COMPOSITE,3,2008,OMT,maize,flood_irrigation
century,8_9,COMPOSITE,3,2008,CMT,solanum_lycopersicum,flood_irrigation
century,1_1,COMPOSITE,1,2009,LMT,maize,flood_irrigation
century,1_2,COMPOSITE,1,2009,OMT,solanum_lycopersicum,flood_irrigation
century,1_3,COMPOSITE,1,2009,CMT,,flood_irrigation
century,1_4,COMPOSITE,1,2009,CMT,solanum_lycopersicum,flood_irrigation
century,1_5,COMPOSITE,1,2009,CWT,solanum_lycopersicum,flood_irrigation
century,1_6,COMPOSITE,1,2009,RWL,wcc/fallow,none
century,1_7,COMPOSITE,1,2009,RWC,fallow,none
century,1_8,COMPOSITE,1,2009,RWC,wheat,none
century,1_9,COMPOSITE,1,2009,RWF,fallow,none
century,2_2,COMPOSITE,1,2009,TR,,flood_irrigation
century,2_3,COMPOSITE,1,2009,OMT,maize,flood_irrigation
century,2_4,COMPOSITE,1,2009,LMT,solanum_lycopersicum,flood_irrigation
century,2_5,COMPOSITE,1,2009,CWT,wheat,flood_irrigation
century,2_6,COMPOSITE,2,2009,IWF,fallow,sprinkler_irrigation
century,2_7,COMPOSITE,2,2009,IWC,fallow,sprinkler_irrigation
century,2_8,COMPOSITE,1,2009,RWL,wheat,none
century,2_9,COMPOSITE,1,2009,RWF,wheat,none
century,3_4,COMPOSITE,1,2009,IWF,fallow,sprinkler_irrigation
century,3_5,COMPOSITE,1,2009,IWC,wheat,sprinkler_irrigation
century,3_6,COMPOSITE,1,2009,UN,,none
century,3_7,COMPOSITE,3,2009,RWL,wheat,none
century,3_8,COMPOSITE,3,2009,RWL,wcc/fallow,none
century,3_9,COMPOSITE,3,2009,RWC,wheat,none
century,4_2,COMPOSITE,1,2009,IWF,wheat,sprinkler_irrigation
century,4_3,COMPOSITE,2,2009,CWT,solanum_lycopersicum,flood_irrigation
century,4_4,COMPOSITE,2,2009,LMT,solanum_lycopersicum,flood_irrigation
century,4_5,COMPOSITE,2,2009,CMT,,flood_irrigation
century,4_6,COMPOSITE,2,2009,IWF,wheat,sprinkler_irrigation
century,4_8,COMPOSITE,2,2009,IWL,wheat,sprinkler_irrigation
century,4_9,COMPOSITE,3,2009,RWC,fallow,none
century,5_2,COMPOSITE,1,2009,IWL,wheat,sprinkler_irrigation
century,5_3,COMPOSITE,2,2009,CWT,wheat,flood_irrigation
century,5_4,COMPOSITE,2,2009,UN,,none
century,5_5,COMPOSITE,2,2009,CMT,solanum_lycopersicum,flood_irrigation
century,5_6,COMPOSITE,2,2009,IWC,wheat,sprinkler_irrigation
century,5_7,COMPOSITE,3,2009,TR,,flood_irrigation
century,5_8,COMPOSITE,3,2009,RWF,wheat,none
century,5_9,COMPOSITE,3,2009,RWF,fallow,none
century,6_1,COMPOSITE,1,2009,IWC,fallow,sprinkler_irrigation
century,6_2,COMPOSITE,2,2009,RWC,wheat,none
century,6_3,COMPOSITE,2,2009,LMT,maize,flood_irrigation
century,6_4,COMPOSITE,2,2009,OMT,maize,flood_irrigation
century,6_5,COMPOSITE,2,2009,OMT,solanum_lycopersicum,flood_irrigation
century,6_6,COMPOSITE,3,2009,CWT,wheat,flood_irrigation
century,6_7,COMPOSITE,3,2009,LMT,maize,flood_irrigation
century,6_8,COMPOSITE,3,2009,OMT,maize,flood_irrigation
century,6_9,COMPOSITE,3,2009,LMT,solanum_lycopersicum,flood_irrigation
century,7_1,COMPOSITE,2,2009,UN,,none
century,7_2,COMPOSITE,2,2009,RWF,wheat,none
century,7_3,COMPOSITE,2,2009,RWL,wcc/fallow,none
century,7_4,COMPOSITE,2,2009,TR,,flood_irrigation
century,7_5,COMPOSITE,3,2009,IWL,wheat,sprinkler_irrigation
century,7_7,COMPOSITE,3,2009,IWC,wheat,sprinkler_irrigation
century,7_8,COMPOSITE,3,2009,CMT,solanum_lycopersicum,flood_irrigation
century,7_9,COMPOSITE,3,2009,CWT,solanum_lycopersicum,flood_irrigation
century,8_1,COMPOSITE,2,2009,RWL,wheat,none
century,8_2,COMPOSITE,2,2009,RWF,fallow,none
century,8_3,COMPOSITE,2,2009,RWC,fallow,none
century,8_4,COMPOSITE,3,2009,IWF,fallow,sprinkler_irrigation
century,8_5,COMPOSITE,3,2009,IWF,wheat,sprinkler_irrigation
century,8_6,COMPOSITE,3,2009,UN,,none
century,8_7,COMPOSITE,3,2009,IWC,fallow,sprinkler_irrigation
century,8_8,COMPOSITE,3,2009,OMT,solanum_lycopersicum,flood_irrigation
century,8_9,COMPOSITE,3,2009,CMT,,flood_irrigation
century,1_1,COMPOSITE,1,2010,LMT,solanum_lycopersicum,flood_irrigation
century,1_2,COMPOSITE,1,2010,OMT,maize,flood_irrigation
century,1_3,COMPOSITE,1,2010,CMT,solanum_lycopersicum,flood_irrigation
century,1_4,COMPOSITE,1,2010,CMT,maize,flood_irrigation
century,1_5,COMPOSITE,1,2010,CWT,wheat,flood_irrigation
century,1_6,COMPOSITE,1,2010,RWL,wheat,none
century,1_7,COMPOSITE,1,2010,RWC,wheat,none
century,1_8,COMPOSITE,1,2010,RWC,fallow,none
century,1_9,COMPOSITE,1,2010,RWF,wheat,none
century,2_2,COMPOSITE,1,2010,TR,,flood_irrigation
century,2_3,COMPOSITE,1,2010,OMT,solanum_lycopersicum,flood_irrigation
century,2_4,COMPOSITE,1,2010,LMT,maize,flood_irrigation
century,2_5,COMPOSITE,1,2010,CWT,solanum_lycopersicum,flood_irrigation
century,2_6,COMPOSITE,2,2010,IWF,wheat,sprinkler_irrigation
century,2_7,COMPOSITE,2,2010,IWC,wheat,sprinkler_irrigation
century,2_8,COMPOSITE,1,2010,RWL,wcc/fallow,none
century,2_9,COMPOSITE,1,2010,RWF,fallow,none
century,3_4,COMPOSITE,1,2010,IWF,wheat,sprinkler_irrigation
century,3_5,COMPOSITE,1,2010,IWC,fallow,sprinkler_irrigation
century,3_6,COMPOSITE,1,2010,UN,,none
century,3_7,COMPOSITE,3,2010,RWL,wcc/fallow,none
century,3_8,COMPOSITE,3,2010,RWL,wheat,none
century,3_9,COMPOSITE,3,2010,RWC,fallow,none
century,4_2,COMPOSITE,1,2010,IWF,fallow,sprinkler_irrigation
century,4_3,COMPOSITE,2,2010,CWT,wheat,flood_irrigation
century,4_4,COMPOSITE,2,2010,LMT,maize,flood_irrigation
century,4_5,COMPOSITE,2,2010,CMT,solanum_lycopersicum,flood_irrigation
century,4_6,COMPOSITE,2,2010,IWF,fallow,sprinkler_irrigation
century,4_7,COMPOSITE,2,2010,IWL,wheat,sprinkler_irrigation
century,4_9,COMPOSITE,3,2010,RWC,wheat,none
century,5_1,COMPOSITE,1,2010,IWL,wheat,sprinkler_irrigation
century,5_3,COMPOSITE,2,2010,CWT,solanum_lycopersicum,flood_irrigation
century,5_4,COMPOSITE,2,2010,UN,,none
century,5_5,COMPOSITE,2,2010,CMT,maize,flood_irrigation
century,5_6,COMPOSITE,2,2010,IWC,fallow,sprinkler_irrigation
century,5_7,COMPOSITE,3,2010,TR,,flood_irrigation
century,5_8,COMPOSITE,3,2010,RWF,fallow,none
century,5_9,COMPOSITE,3,2010,RWF,wheat,none
century,6_1,COMPOSITE,1,2010,IWC,wheat,sprinkler_irrigation
century,6_2,COMPOSITE,2,2010,RWC,fallow,none
century,6_3,COMPOSITE,2,2010,LMT,solanum_lycopersicum,flood_irrigation
century,6_4,COMPOSITE,2,2010,OMT,maize,flood_irrigation
century,6_5,COMPOSITE,2,2010,OMT,solanum_lycopersicum,flood_irrigation
century,6_6,COMPOSITE,3,2010,CWT,solanum_lycopersicum,flood_irrigation
century,6_7,COMPOSITE,3,2010,LMT,solanum_lycopersicum,flood_irrigation
century,6_8,COMPOSITE,3,2010,OMT,solanum_lycopersicum,flood_irrigation
century,6_9,COMPOSITE,3,2010,LMT,maize,flood_irrigation
century,7_1,COMPOSITE,2,2010,UN,,none
century,7_2,COMPOSITE,2,2010,RWF,fallow,none
century,7_3,COMPOSITE,2,2010,RWL,wheat,none
century,7_4,COMPOSITE,2,2010,TR,,flood_irrigation
century,7_6,COMPOSITE,3,2010,IWL,wheat,sprinkler_irrigation
century,7_7,COMPOSITE,3,2010,IWC,fallow,sprinkler_irrigation
century,7_8,COMPOSITE,3,2010,CMT,maize,flood_irrigation
century,7_9,COMPOSITE,3,2010,CWT,wheat,flood_irrigation
century,8_1,COMPOSITE,2,2010,RWL,wcc/fallow,none
century,8_2,COMPOSITE,2,2010,RWF,wheat,none
century,8_3,COMPOSITE,2,2010,RWC,wheat,none
century,8_4,COMPOSITE,3,2010,IWF,wheat,sprinkler_irrigation
century,8_5,COMPOSITE,3,2010,IWF,fallow,sprinkler_irrigation
century,8_6,COMPOSITE,3,2010,UN,,none
century,8_7,COMPOSITE,3,2010,IWC,wheat,sprinkler_irrigation
century,8_8,COMPOSITE,3,2010,OMT,maize,flood_irrigation
century,8_9,COMPOSITE,3,2010,CMT,solanum_lycopersicum,flood_irrigation
century,1_1,COMPOSITE,1,2011,LMT,maize,flood_irrigation
century,1_2,COMPOSITE,1,2011,OMT,solanum_lycopersicum,flood_irrigation
century,1_3,COMPOSITE,1,2011,CMT,maize,flood_irrigation
century,1_4,COMPOSITE,1,2011,CMT,solanum_lycopersicum,flood_irrigation
century,1_5,COMPOSITE,1,2011,CWT,solanum_lycopersicum,flood_irrigation
century,1_6,COMPOSITE,1,2011,RWL,wcc/fallow,none
century,1_7,COMPOSITE,1,2011,RWC,fallow,none
century,1_8,COMPOSITE,1,2011,RWC,wheat,none
century,1_9,COMPOSITE,1,2011,RWF,fallow,none
century,2_2,COMPOSITE,1,2011,TR,,flood_irrigation
century,2_3,COMPOSITE,1,2011,OMT,maize,flood_irrigation
century,2_4,COMPOSITE,1,2011,LMT,solanum_lycopersicum,flood_irrigation
century,2_5,COMPOSITE,1,2011,CWT,wheat,flood_irrigation
century,2_6,COMPOSITE,2,2011,IWF,fallow,sprinkler_irrigation
century,2_7,COMPOSITE,2,2011,IWC,fallow,sprinkler_irrigation
century,2_8,COMPOSITE,1,2011,RWL,wheat,none
century,2_9,COMPOSITE,1,2011,RWF,wheat,none
century,3_4,COMPOSITE,1,2011,IWF,fallow,sprinkler_irrigation
century,3_5,COMPOSITE,1,2011,IWC,wheat,sprinkler_irrigation
century,3_6,COMPOSITE,1,2011,UN,,none
century,3_7,COMPOSITE,3,2011,RWL,wheat,none
century,3_8,COMPOSITE,3,2011,RWL,wcc/fallow,none
century,3_9,COMPOSITE,3,2011,RWC,wheat,none
century,4_2,COMPOSITE,1,2011,IWF,wheat,sprinkler_irrigation
century,4_3,COMPOSITE,2,2011,CWT,solanum_lycopersicum,flood_irrigation
century,4_4,COMPOSITE,2,2011,LMT,solanum_lycopersicum,flood_irrigation
century,4_5,COMPOSITE,2,2011,CMT,maize,flood_irrigation
century,4_6,COMPOSITE,2,2011,IWF,wheat,sprinkler_irrigation
century,4_8,COMPOSITE,2,2011,IWL,wheat,sprinkler_irrigation
century,4_9,COMPOSITE,3,2011,RWC,fallow,none
century,5_2,COMPOSITE,1,2011,IWL,wheat,sprinkler_irrigation
century,5_3,COMPOSITE,2,2011,CWT,wheat,flood_irrigation
century,5_5,COMPOSITE,2,2011,CMT,solanum_lycopersicum,flood_irrigation
century,5_6,COMPOSITE,2,2011,IWC,wheat,sprinkler_irrigation
century,5_7,COMPOSITE,3,2011,TR,,flood_irrigation
century,5_8,COMPOSITE,3,2011,RWF,wheat,none
century,5_9,COMPOSITE,3,2011,RWF,fallow,none
century,6_1,COMPOSITE,1,2011,IWC,fallow,sprinkler_irrigation
century,6_2,COMPOSITE,2,2011,RWC,wheat,none
century,6_3,COMPOSITE,2,2011,LMT,maize,flood_irrigation
century,6_4,COMPOSITE,2,2011,OMT,maize,flood_irrigation
century,6_5,COMPOSITE,2,2011,OMT,solanum_lycopersicum,flood_irrigation
century,6_6,COMPOSITE,3,2011,CWT,wheat,flood_irrigation
century,6_7,COMPOSITE,3,2011,LMT,maize,flood_irrigation
century,6_8,COMPOSITE,3,2011,OMT,maize,flood_irrigation
century,6_9,COMPOSITE,3,2011,LMT,solanum_lycopersicum,flood_irrigation
century,7_1,COMPOSITE,2,2011,UN,,none
century,7_2,COMPOSITE,2,2011,RWF,wheat,none
century,7_3,COMPOSITE,2,2011,RWL,wcc/fallow,none
century,7_4,COMPOSITE,2,2011,TR,,flood_irrigation
century,7_5,COMPOSITE,3,2011,IWL,wheat,sprinkler_irrigation
century,7_7,COMPOSITE,3,2011,IWC,wheat,sprinkler_irrigation
century,7_8,COMPOSITE,3,2011,CMT,solanum_lycopersicum,flood_irrigation
century,7_9,COMPOSITE,3,2011,CWT,solanum_lycopersicum,flood_irrigation
century,8_1,COMPOSITE,2,2011,RWL,wheat,none
century,8_2,COMPOSITE,2,2011,RWF,fallow,none
century,8_3,COMPOSITE,2,2011,RWC,fallow,none
century,8_4,COMPOSITE,3,2011,IWF,fallow,sprinkler_irrigation
century,8_5,COMPOSITE,3,2011,IWF,wheat,sprinkler_irrigation
century,8_6,COMPOSITE,3,2011,UN,,none
century,8_7,COMPOSITE,3,2011,IWC,fallow,sprinkler_irrigation
century,8_8,COMPOSITE,3,2011,OMT,solanum_lycopersicum,flood_irrigation
century,8_9,COMPOSITE,3,2011,CMT,maize,flood_irrigation
century,1_1,COMPOSITE,1,2012,LMT,solanum_lycopersicum,flood_irrigation
century,1_3,COMPOSITE,1,2012,CMT,solanum_lycopersicum,flood_irrigation
century,1_4,COMPOSITE,1,2012,CMT,maize,flood_irrigation
century,1_5,COMPOSITE,1,2012,CWT,wheat,flood_irrigation
century,1_6,COMPOSITE,1,2012,RWL,wheat,none
century,1_7,COMPOSITE,1,2012,RWC,wheat,none
century,1_8,COMPOSITE,1,2012,RWC,fallow,none
century,1_9,COMPOSITE,1,2012,RWF,wheat,none
century,2_2,COMPOSITE,1,2012,TR,,flood_irrigation
century,2_3,COMPOSITE,1,2012,OMT,solanum_lycopersicum,flood_irrigation
century,2_4,COMPOSITE,1,2012,LMT,maize,flood_irrigation
century,2_5,COMPOSITE,1,2012,CWT,solanum_lycopersicum,flood_irrigation
century,2_6,COMPOSITE,2,2012,IWF,wheat,sprinkler_irrigation
century,2_7,COMPOSITE,2,2012,IWC,wheat,sprinkler_irrigation
century,2_8,COMPOSITE,1,2012,RWL,wcc/fallow,none
century,2_9,COMPOSITE,1,2012,RWF,fallow,none
century,3_4,COMPOSITE,1,2012,IWF,wheat,sprinkler_irrigation
century,3_5,COMPOSITE,1,2012,IWC,fallow,sprinkler_irrigation
century,3_6,COMPOSITE,1,2012,UN,,none
century,3_7,COMPOSITE,3,2012,RWL,wcc/fallow,none
century,3_8,COMPOSITE,3,2012,RWL,wheat,none
century,3_9,COMPOSITE,3,2012,RWC,fallow,none
century,4_2,COMPOSITE,1,2012,IWF,fallow,sprinkler_irrigation
century,4_3,COMPOSITE,2,2012,CWT,wheat,flood_irrigation
century,4_4,COMPOSITE,2,2012,LMT,maize,flood_irrigation
century,4_5,COMPOSITE,2,2012,CMT,solanum_lycopersicum,flood_irrigation
century,4_6,COMPOSITE,2,2012,IWF,fallow,sprinkler_irrigation
century,4_9,COMPOSITE,3,2012,RWC,wheat,none
century,5_3,COMPOSITE,2,2012,CWT,solanum_lycopersicum,flood_irrigation
century,5_5,COMPOSITE,2,2012,CMT,maize,flood_irrigation
century,5_6,COMPOSITE,2,2012,IWC,fallow,sprinkler_irrigation
century,5_7,COMPOSITE,3,2012,TR,,flood_irrigation
century,5_8,COMPOSITE,3,2012,RWF,fallow,none
century,5_9,COMPOSITE,3,2012,RWF,wheat,none
century,6_1,COMPOSITE,1,2012,IWC,wheat,sprinkler_irrigation
century,6_2,COMPOSITE,2,2012,RWC,fallow,none
century,6_3,COMPOSITE,2,2012,LMT,solanum_lycopersicum,flood_irrigation
century,6_4,COMPOSITE,2,2012,OMT,maize,flood_irrigation
century,6_6,COMPOSITE,3,2012,CWT,solanum_lycopersicum,flood_irrigation
century,6_7,COMPOSITE,3,2012,LMT,solanum_lycopersicum,flood_irrigation
century,6_8,COMPOSITE,3,2012,OMT,solanum_lycopersicum,flood_irrigation
century,6_9,COMPOSITE,3,2012,LMT,maize,flood_irrigation
century,7_1,COMPOSITE,2,2012,UN,,none
century,7_2,COMPOSITE,2,2012,RWF,fallow,none
century,7_3,COMPOSITE,2,2012,RWL,wheat,none
century,7_4,COMPOSITE,2,2012,TR,,flood_irrigation
century,7_7,COMPOSITE,3,2012,IWC,fallow,sprinkler_irrigation
century,7_8,COMPOSITE,3,2012,CMT,maize,flood_irrigation
century,7_9,COMPOSITE,3,2012,CWT,wheat,flood_irrigation
century,8_1,COMPOSITE,2,2012,RWL,wcc/fallow,none
century,8_2,COMPOSITE,2,2012,RWF,wheat,none
century,8_3,COMPOSITE,2,2012,RWC,wheat,none
century,8_4,COMPOSITE,3,2012,IWF,wheat,sprinkler_irrigation
century,8_5,COMPOSITE,3,2012,IWF,fallow,sprinkler_irrigation
century,8_6,COMPOSITE,3,2012,UN,,none
century,8_7,COMPOSITE,3,2012,IWC,wheat,sprinkler_irrigation
century,8_9,COMPOSITE,3,2012,CMT,solanum_lycopersicum,flood_irrigation
century,1_1,COMPOSITE,1,2013,LMT,maize,flood_irrigation
century,1_2,COMPOSITE,1,2013,OMT,solanum_lycopersicum,flood_irrigation
century,1_3,COMPOSITE,1,2013,CMT,maize,flood_irrigation
century,1_4,COMPOSITE,1,2013,CMT,solanum_lycopersicum,flood_irrigation
century,1_5,COMPOSITE,1,2013,CWT,solanum_lycopersicum,flood_irrigation
century,1_6,COMPOSITE,1,2013,RWL,wcc/fallow,none
century,1_7,COMPOSITE,1,2013,RWC,fallow,none
century,1_8,COMPOSITE,1,2013,RWC,wheat,none
century,1_9,COMPOSITE,1,2013,RWF,fallow,none
century,2_2,COMPOSITE,1,2013,TR,,flood_irrigation
century,2_3,COMPOSITE,1,2013,OMT,maize,flood_irrigation
century,2_4,COMPOSITE,1,2013,LMT,solanum_lycopersicum,flood_irrigation
century,2_5,COMPOSITE,1,2013,CWT,wheat,flood_irrigation
century,2_6,COMPOSITE,2,2013,IWF,fallow,sprinkler_irrigation
century,2_7,COMPOSITE,2,2013,IWC,fallow,sprinkler_irrigation
century,2_8,COMPOSITE,1,2013,RWL,wheat,none
century,2_9,COMPOSITE,1,2013,RWF,wheat,none
century,3_4,COMPOSITE,1,2013,IWF,fallow,sprinkler_irrigation
century,3_5,COMPOSITE,1,2013,IWC,wheat,sprinkler_irrigation
century,3_6,COMPOSITE,1,2013,NG,NG,none
century,3_7,COMPOSITE,3,2013,RWL,wheat,none
century,3_8,COMPOSITE,3,2013,RWL,wcc/fallow,none
century,3_9,COMPOSITE,3,2013,RWC,wheat,none
century,4_2,COMPOSITE,1,2013,IWF,wheat,sprinkler_irrigation
century,4_3,COMPOSITE,2,2013,CWT,solanum_lycopersicum,flood_irrigation
century,4_4,COMPOSITE,2,2013,LMT,solanum_lycopersicum,flood_irrigation
century,4_5,COMPOSITE,2,2013,CMT,maize,flood_irrigation
century,4_6,COMPOSITE,2,2013,IWF,wheat,sprinkler_irrigation
century,4_7,COMPOSITE,2,2013,AMT,solanum_lycopersicum,flood_irrigation
century,4_8,COMPOSITE,2,2013,AMT,medicago_sativa,flood_irrigation
century,4_9,COMPOSITE,3,2013,RWC,fallow,none
century,5_1,COMPOSITE,1,2013,AMT,solanum_lycopersicum,flood_irrigation
century,5_2,COMPOSITE,1,2013,AMT,medicago_sativa,flood_irrigation
century,5_3,COMPOSITE,2,2013,CWT,wheat,flood_irrigation
century,5_5,COMPOSITE,2,2013,CMT,solanum_lycopersicum,flood_irrigation
century,5_6,COMPOSITE,2,2013,IWC,wheat,sprinkler_irrigation
century,5_7,COMPOSITE,3,2013,TR,,flood_irrigation
century,5_8,COMPOSITE,3,2013,RWF,wheat,none
century,5_9,COMPOSITE,3,2013,RWF,fallow,none
century,6_1,COMPOSITE,1,2013,IWC,fallow,sprinkler_irrigation
century,6_2,COMPOSITE,2,2013,RWC,wheat,none
century,6_3,COMPOSITE,2,2013,LMT,maize,flood_irrigation
century,6_4,COMPOSITE,2,2013,OMT,maize,flood_irrigation
century,6_5,COMPOSITE,2,2013,OMT,solanum_lycopersicum,flood_irrigation
century,6_6,COMPOSITE,3,2013,CWT,wheat,flood_irrigation
century,6_7,COMPOSITE,3,2013,LMT,maize,flood_irrigation
century,6_8,COMPOSITE,3,2013,OMT,maize,flood_irrigation
century,6_9,COMPOSITE,3,2013,LMT,solanum_lycopersicum,flood_irrigation
century,7_1,COMPOSITE,2,2013,NG,NG,none
century,7_2,COMPOSITE,2,2013,RWF,wheat,none
century,7_3,COMPOSITE,2,2013,RWL,wcc/fallow,none
century,7_4,COMPOSITE,2,2013,TR,,flood_irrigation
century,7_5,COMPOSITE,3,2013,AMT,medicago_sativa,flood_irrigation
century,7_6,COMPOSITE,3,2013,AMT,solanum_lycopersicum,flood_irrigation
century,7_7,COMPOSITE,3,2013,IWC,wheat,sprinkler_irrigation
century,7_8,COMPOSITE,3,2013,CMT,solanum_lycopersicum,flood_irrigation
century,7_9,COMPOSITE,3,2013,CWT,solanum_lycopersicum,flood_irrigation
century,8_1,COMPOSITE,2,2013,RWL,wheat,none
century,8_2,COMPOSITE,2,2013,RWF,fallow,none
century,8_3,COMPOSITE,2,2013,RWC,fallow,none
century,8_4,COMPOSITE,3,2013,IWF,fallow,sprinkler_irrigation
century,8_5,COMPOSITE,3,2013,IWF,wheat,sprinkler_irrigation
century,8_6,COMPOSITE,3,2013,NG,NG,none
century,8_7,COMPOSITE,3,2013,IWC,fallow,sprinkler_irrigation
century,8_8,COMPOSITE,3,2013,OMT,solanum_lycopersicum,flood_irrigation
century,8_9,COMPOSITE,3,2013,CMT,maize,flood_irrigation
century,1_1,COMPOSITE,1,2014,LMT,solanum_lycopersicum,flood_irrigation
century,1_2,COMPOSITE,1,2014,OMT,maize,flood_irrigation
century,1_3,COMPOSITE,1,2014,CMT,solanum_lycopersicum,flood_irrigation
century,1_4,COMPOSITE,1,2014,CMT,maize,flood_irrigation
century,1_5,COMPOSITE,1,2014,CWT,wheat,flood_irrigation
century,1_6,COMPOSITE,1,2014,RWL,wheat,none
century,1_7,COMPOSITE,1,2014,RWC,wheat,none
century,1_8,COMPOSITE,1,2014,RWC,fallow,none
century,1_9,COMPOSITE,1,2014,RWF,wheat,none
century,2_2,COMPOSITE,1,2014,TR,,flood_irrigation
century,2_3,COMPOSITE,1,2014,OMT,solanum_lycopersicum,flood_irrigation
century,2_4,COMPOSITE,1,2014,LMT,maize,flood_irrigation
century,2_5,COMPOSITE,1,2014,CWT,solanum_lycopersicum,flood_irrigation
century,2_6,COMPOSITE,2,2014,IWF,wheat,sprinkler_irrigation
century,2_7,COMPOSITE,2,2014,IWC,wheat,sprinkler_irrigation
century,2_8,COMPOSITE,1,2014,RWL,wcc/fallow,none
century,2_9,COMPOSITE,1,2014,RWF,fallow,none
century,3_4,COMPOSITE,1,2014,IWF,wheat,sprinkler_irrigation
century,3_5,COMPOSITE,1,2014,IWC,fallow,sprinkler_irrigation
century,3_6,COMPOSITE,1,2014,NG,NG,none
century,3_7,COMPOSITE,3,2014,RWL,wcc/fallow,none
century,3_8,COMPOSITE,3,2014,RWL,wheat,none
century,3_9,COMPOSITE,3,2014,RWC,fallow,none
century,4_2,COMPOSITE,1,2014,IWF,fallow,sprinkler_irrigation
century,4_3,COMPOSITE,2,2014,CWT,wheat,flood_irrigation
century,4_4,COMPOSITE,2,2014,LMT,maize,flood_irrigation
century,4_5,COMPOSITE,2,2014,CMT,solanum_lycopersicum,flood_irrigation
century,4_6,COMPOSITE,2,2014,IWF,fallow,sprinkler_irrigation
century,4_7,COMPOSITE,2,2014,AMT,maize,flood_irrigation
century,4_8,COMPOSITE,2,2014,AMT,medicago_sativa,flood_irrigation
century,4_9,COMPOSITE,3,2014,RWC,wheat,none
century,5_1,COMPOSITE,1,2014,AMT,maize,flood_irrigation
century,5_2,COMPOSITE,1,2014,AMT,medicago_sativa,flood_irrigation
century,5_3,COMPOSITE,2,2014,CWT,solanum_lycopersicum,flood_irrigation
century,5_5,COMPOSITE,2,2014,CMT,maize,flood_irrigation
century,5_6,COMPOSITE,2,2014,IWC,fallow,sprinkler_irrigation
century,5_7,COMPOSITE,3,2014,TR,,flood_irrigation
century,5_8,COMPOSITE,3,2014,RWF,fallow,none
century,5_9,COMPOSITE,3,2014,RWF,wheat,none
century,6_1,COMPOSITE,1,2014,IWC,wheat,sprinkler_irrigation
century,6_2,COMPOSITE,2,2014,RWC,fallow,none
century,6_3,COMPOSITE,2,2014,LMT,solanum_lycopersicum,flood_irrigation
century,6_4,COMPOSITE,2,2014,OMT,maize,flood_irrigation
century,6_5,COMPOSITE,2,2014,OMT,solanum_lycopersicum,flood_irrigation
century,6_6,COMPOSITE,3,2014,CWT,solanum_lycopersicum,flood_irrigation
century,6_7,COMPOSITE,3,2014,LMT,solanum_lycopersicum,flood_irrigation
century,6_8,COMPOSITE,3,2014,OMT,solanum_lycopersicum,flood_irrigation
century,6_9,COMPOSITE,3,2014,LMT,maize,flood_irrigation
century,7_1,COMPOSITE,2,2014,NG,NG,none
century,7_2,COMPOSITE,2,2014,RWF,fallow,none
century,7_3,COMPOSITE,2,2014,RWL,wheat,none
century,7_4,COMPOSITE,2,2014,TR,,flood_irrigation
century,7_5,COMPOSITE,3,2014,AMT,medicago_sativa,flood_irrigation
century,7_6,COMPOSITE,3,2014,AMT,maize,flood_irrigation
century,7_7,COMPOSITE,3,2014,IWC,fallow,sprinkler_irrigation
century,8_1,COMPOSITE,2,2014,RWL,wcc/fallow,none
century,8_2,COMPOSITE,2,2014,RWF,wheat,none
century,8_3,COMPOSITE,2,2014,RWC,wheat,none
century,8_4,COMPOSITE,3,2014,IWF,wheat,sprinkler_irrigation
century,8_5,COMPOSITE,3,2014,IWF,fallow,sprinkler_irrigation
century,8_6,COMPOSITE,3,2014,NG,NG,none
century,8_7,COMPOSITE,3,2014,IWC,wheat,sprinkler_irrigation
century,8_8,COMPOSITE,3,2014,OMT,maize,flood_irrigation
century,8_9,COMPOSITE,3,2014,CMT,solanum_lycopersicum,flood_irrigation
century,1_1,COMPOSITE,1,2015,LMT,maize,trickle_irrigation
century,1_2,COMPOSITE,1,2015,OMT,solanum_lycopersicum,trickle_irrigation
century,1_3,COMPOSITE,1,2015,CMT,maize,trickle_irrigation
century,1_4,COMPOSITE,1,2015,CMT,solanum_lycopersicum,trickle_irrigation
century,1_5,COMPOSITE,1,2015,CWT,solanum_lycopersicum,trickle_irrigation
century,1_6,COMPOSITE,1,2015,RWL,wcc/fallow,none
century,1_7,COMPOSITE,1,2015,RWC,fallow,none
century,1_8,COMPOSITE,1,2015,RWC,wheat,none
century,1_9,COMPOSITE,1,2015,RWF,fallow,none
century,2_2,COMPOSITE,1,2015,TR,,trickle_irrigation
century,2_3,COMPOSITE,1,2015,OMT,maize,trickle_irrigation
century,2_4,COMPOSITE,1,2015,LMT,solanum_lycopersicum,trickle_irrigation
century,2_5,COMPOSITE,1,2015,CWT,wheat,trickle_irrigation
century,2_6,COMPOSITE,2,2015,IWF,fallow,sprinkler_irrigation
century,2_7,COMPOSITE,2,2015,IWC,fallow,sprinkler_irrigation
century,2_8,COMPOSITE,1,2015,RWL,wheat,none
century,2_9,COMPOSITE,1,2015,RWF,wheat,none
century,3_4,COMPOSITE,1,2015,IWF,fallow,sprinkler_irrigation
century,3_5,COMPOSITE,1,2015,IWC,wheat,sprinkler_irrigation
century,3_6,COMPOSITE,1,2015,NG,NG,none
century,3_7,COMPOSITE,3,2015,RWL,wheat,none
century,3_8,COMPOSITE,3,2015,RWL,wcc/fallow,none
century,3_9,COMPOSITE,3,2015,RWC,wheat,none
century,4_2,COMPOSITE,1,2015,IWF,wheat,sprinkler_irrigation
century,4_3,COMPOSITE,2,2015,CWT,solanum_lycopersicum,trickle_irrigation
century,4_4,COMPOSITE,2,2015,LMT,solanum_lycopersicum,trickle_irrigation
century,4_5,COMPOSITE,2,2015,CMT,maize,trickle_irrigation
century,4_6,COMPOSITE,2,2015,IWF,wheat,sprinkler_irrigation
century,4_7,COMPOSITE,2,2015,AMT,solanum_lycopersicum,trickle_irrigation
century,4_8,COMPOSITE,2,2015,AMT,medicago_sativa,flood_irrigation
century,4_9,COMPOSITE,3,2015,RWC,fallow,none
century,5_1,COMPOSITE,1,2015,AMT,solanum_lycopersicum,trickle_irrigation
century,5_2,COMPOSITE,1,2015,AMT,medicago_sativa,flood_irrigation
century,5_3,COMPOSITE,2,2015,CWT,wheat,trickle_irrigation
century,5_4,COMPOSITE,2,2015,UN,,none
century,5_5,COMPOSITE,2,2015,CMT,solanum_lycopersicum,trickle_irrigation
century,5_6,COMPOSITE,2,2015,IWC,wheat,sprinkler_irrigation
century,5_7,COMPOSITE,3,2015,TR,,trickle_irrigation
century,5_8,COMPOSITE,3,2015,RWF,wheat,none
century,5_9,COMPOSITE,3,2015,RWF,fallow,none
century,6_1,COMPOSITE,1,2015,IWC,fallow,sprinkler_irrigation
century,6_2,COMPOSITE,2,2015,RWC,wheat,none
century,6_3,COMPOSITE,2,2015,LMT,maize,trickle_irrigation
century,6_4,COMPOSITE,2,2015,OMT,maize,trickle_irrigation
century,6_5,COMPOSITE,2,2015,OMT,solanum_lycopersicum,trickle_irrigation
century,6_6,COMPOSITE,3,2015,CWT,wheat,trickle_irrigation
century,6_7,COMPOSITE,3,2015,LMT,maize,trickle_irrigation
century,6_8,COMPOSITE,3,2015,OMT,maize,trickle_irrigation
century,6_9,COMPOSITE,3,2015,LMT,solanum_lycopersicum,trickle_irrigation
century,7_1,COMPOSITE,2,2015,NG,NG,none
century,7_2,COMPOSITE,2,2015,RWF,wheat,none
century,7_3,COMPOSITE,2,2015,RWL,wcc/fallow,none
century,7_4,COMPOSITE,2,2015,TR,,trickle_irrigation
century,7_5,COMPOSITE,3,2015,AMT,medicago_sativa,flood_irrigation
century,7_6,COMPOSITE,3,2015,AMT,solanum_lycopersicum,trickle_irrigation
century,7_7,COMPOSITE,3,2015,IWC,wheat,sprinkler_irrigation
century,7_8,COMPOSITE,3,2015,CMT,solanum_lycopersicum,trickle_irrigation
century,7_9,COMPOSITE,3,2015,CWT,solanum_lycopersicum,trickle_irrigation
century,8_1,COMPOSITE,2,2015,RWL,wheat,none
century,8_2,COMPOSITE,2,2015,RWF,fallow,none
century,8_3,COMPOSITE,2,2015,RWC,fallow,none
century,8_4,COMPOSITE,3,2015,IWF,fallow,sprinkler_irrigation
century,8_5,COMPOSITE,3,2015,IWF,wheat,sprinkler_irrigation
century,8_6,COMPOSITE,3,2015,NG,NG,none
century,8_7,COMPOSITE,3,2015,IWC,fallow,sprinkler_irrigation
century,8_8,COMPOSITE,3,2015,OMT,solanum_lycopersicum,trickle_irrigation
century,8_9,COMPOSITE,3,2015,CMT,maize,trickle_irrigation
century,1_1,COMPOSITE,1,2016,LMT,solanum_lycopersicum,trickle_irrigation
century,1_2,COMPOSITE,1,2016,OMT,maize,trickle_irrigation
century,1_3,COMPOSITE,1,2016,CMT,solanum_lycopersicum,trickle_irrigation
century,1_4,COMPOSITE,1,2016,CMT,maize,trickle_irrigation
century,1_5,COMPOSITE,1,2016,CWT,wheat,trickle_irrigation
century,1_6,COMPOSITE,1,2016,RWL,wheat,none
century,1_7,COMPOSITE,1,2016,RWC,wheat,none
century,1_8,COMPOSITE,1,2016,RWC,fallow,none
century,1_9,COMPOSITE,1,2016,RWF,wheat,none
century,2_2,COMPOSITE,1,2016,TR,,trickle_irrigation
century,2_3,COMPOSITE,1,2016,OMT,solanum_lycopersicum,trickle_irrigation
century,2_4,COMPOSITE,1,2016,LMT,maize,trickle_irrigation
century,2_5,COMPOSITE,1,2016,CWT,solanum_lycopersicum,trickle_irrigation
century,2_6,COMPOSITE,2,2016,IWF,wheat,sprinkler_irrigation
century,2_7,COMPOSITE,2,2016,IWC,wheat,sprinkler_irrigation
century,2_8,COMPOSITE,1,2016,RWL,wcc/fallow,none
century,2_9,COMPOSITE,1,2016,RWF,fallow,none
century,3_4,COMPOSITE,1,2016,IWF,wheat,sprinkler_irrigation
century,3_5,COMPOSITE,1,2016,IWC,fallow,sprinkler_irrigation
century,3_6,COMPOSITE,1,2016,NG,NG,none
century,3_7,COMPOSITE,3,2016,RWL,wcc/fallow,none
century,3_8,COMPOSITE,3,2016,RWL,wheat,none
century,3_9,COMPOSITE,3,2016,RWC,fallow,none
century,4_2,COMPOSITE,1,2016,IWF,fallow,sprinkler_irrigation
century,4_3,COMPOSITE,2,2016,CWT,wheat,trickle_irrigation
century,4_4,COMPOSITE,2,2016,LMT,maize,trickle_irrigation
century,4_5,COMPOSITE,2,2016,CMT,solanum_lycopersicum,trickle_irrigation
century,4_6,COMPOSITE,2,2016,IWF,fallow,sprinkler_irrigation
century,4_7,COMPOSITE,2,2016,AMT,medicago_sativa,flood_irrigation
century,4_8,COMPOSITE,2,2016,AMT,solanum_lycopersicum,trickle_irrigation
century,4_9,COMPOSITE,3,2016,RWC,wheat,none
century,5_1,COMPOSITE,1,2016,AMT,medicago_sativa,flood_irrigation
century,5_2,COMPOSITE,1,2016,AMT,solanum_lycopersicum,trickle_irrigation
century,5_3,COMPOSITE,2,2016,CWT,solanum_lycopersicum,trickle_irrigation
century,5_4,COMPOSITE,2,2016,UN,,none
century,5_5,COMPOSITE,2,2016,CMT,maize,trickle_irrigation
century,5_6,COMPOSITE,2,2016,IWC,fallow,sprinkler_irrigation
century,5_7,COMPOSITE,3,2016,TR,,trickle_irrigation
century,5_8,COMPOSITE,3,2016,RWF,fallow,none
century,5_9,COMPOSITE,3,2016,RWF,wheat,none
century,6_1,COMPOSITE,1,2016,IWC,wheat,sprinkler_irrigation
century,6_2,COMPOSITE,2,2016,RWC,fallow,none
century,6_3,COMPOSITE,2,2016,LMT,solanum_lycopersicum,trickle_irrigation
century,6_4,COMPOSITE,2,2016,OMT,maize,trickle_irrigation
century,6_5,COMPOSITE,2,2016,OMT,solanum_lycopersicum,trickle_irrigation
century,6_6,COMPOSITE,3,2016,CWT,solanum_lycopersicum,trickle_irrigation
century,6_7,COMPOSITE,3,2016,LMT,solanum_lycopersicum,trickle_irrigation
century,6_8,COMPOSITE,3,2016,OMT,solanum_lycopersicum,trickle_irrigation
century,6_9,COMPOSITE,3,2016,LMT,maize,trickle_irrigation
century,7_1,COMPOSITE,2,2016,NG,NG,none
century,7_2,COMPOSITE,2,2016,RWF,fallow,none
century,7_3,COMPOSITE,2,2016,RWL,wheat,none
century,7_4,COMPOSITE,2,2016,TR,,trickle_irrigation
century,7_5,COMPOSITE,3,2016,AMT,solanum_lycopersicum,trickle_irrigation
century,7_6,COMPOSITE,3,2016,AMT,medicago_sativa,flood_irrigation
century,7_7,COMPOSITE,3,2016,IWC,fallow,sprinkler_irrigation
century,7_8,COMPOSITE,3,2016,CMT,maize,trickle_irrigation
century,7_9,COMPOSITE,3,2016,CWT,wheat,trickle_irrigation
century,8_1,COMPOSITE,2,2016,RWL,wcc/fallow,none
century,8_2,COMPOSITE,2,2016,RWF,wheat,none
century,8_3,COMPOSITE,2,2016,RWC,wheat,none
century,8_4,COMPOSITE,3,2016,IWF,wheat,sprinkler_irrigation
century,8_5,COMPOSITE,3,2016,IWF,fallow,sprinkler_irrigation
century,8_6,COMPOSITE,3,2016,NG,NG,none
century,8_7,COMPOSITE,3,2016,IWC,wheat,sprinkler_irrigation
century,8_8,COMPOSITE,3,2016,OMT,maize,trickle_irrigation
century,8_9,COMPOSITE,3,2016,CMT,solanum_lycopersicum,trickle_irrigation
century,1_1,COMPOSITE,1,2017,LMT,maize,trickle_irrigation
century,1_2,E,1,2017,OMT,solanum_lycopersicum,flood_irrigation
century,1_2,W,1,2017,OMT,solanum_lycopersicum,trickle_irrigation
century,1_2,COMPOSITE,1,2017,OMT,solanum_lycopersicum,
century,1_3,COMPOSITE,1,2017,CMT,maize,trickle_irrigation
century,1_4,COMPOSITE,1,2017,CMT,solanum_lycopersicum,trickle_irrigation
century,1_5,COMPOSITE,1,2017,CWT,solanum_lycopersicum,trickle_irrigation
century,1_6,COMPOSITE,1,2017,RWL,wcc/fallow,none
century,1_7,COMPOSITE,1,2017,RWC,fallow,none
century,1_8,COMPOSITE,1,2017,RWC,wheat,none
century,1_9,COMPOSITE,1,2017,RWF,fallow,none
century,2_2,COMPOSITE,1,2017,TR,,trickle_irrigation
century,2_3,E,1,2017,OMT,maize,flood_irrigation
century,2_3,W,1,2017,OMT,maize,trickle_irrigation
century,2_3,COMPOSITE,1,2017,OMT,maize,
century,2_4,COMPOSITE,1,2017,LMT,solanum_lycopersicum,trickle_irrigation
century,2_5,COMPOSITE,1,2017,CWT,wheat,trickle_irrigation
century,2_6,COMPOSITE,2,2017,IWF,fallow,sprinkler_irrigation
century,2_7,COMPOSITE,2,2017,IWC,fallow,sprinkler_irrigation
century,2_8,COMPOSITE,1,2017,RWL,wheat,none
century,2_9,COMPOSITE,1,2017,RWF,wheat,none
century,3_4,COMPOSITE,1,2017,IWF,fallow,sprinkler_irrigation
century,3_5,COMPOSITE,1,2017,IWC,wheat,sprinkler_irrigation
century,3_6,COMPOSITE,1,2017,NG,NG,none
century,3_7,COMPOSITE,3,2017,RWL,wheat,none
century,3_8,COMPOSITE,3,2017,RWL,wcc/fallow,none
century,3_9,COMPOSITE,3,2017,RWC,wheat,none
century,4_2,COMPOSITE,1,2017,IWF,wheat,sprinkler_irrigation
century,4_3,COMPOSITE,2,2017,CWT,solanum_lycopersicum,trickle_irrigation
century,4_4,COMPOSITE,2,2017,LMT,solanum_lycopersicum,trickle_irrigation
century,4_5,COMPOSITE,2,2017,CMT,maize,trickle_irrigation
century,4_6,COMPOSITE,2,2017,IWF,wheat,sprinkler_irrigation
century,4_7,COMPOSITE,2,2017,AMT,medicago_sativa,flood_irrigation
century,4_8,COMPOSITE,2,2017,AMT,maize,trickle_irrigation
century,4_9,COMPOSITE,3,2017,RWC,fallow,none
century,5_1,COMPOSITE,1,2017,AMT,medicago_sativa,flood_irrigation
century,5_2,COMPOSITE,1,2017,AMT,maize,trickle_irrigation
century,5_3,COMPOSITE,2,2017,CWT,wheat,trickle_irrigation
century,5_5,COMPOSITE,2,2017,CMT,solanum_lycopersicum,trickle_irrigation
century,5_6,COMPOSITE,2,2017,IWC,wheat,sprinkler_irrigation
century,5_7,COMPOSITE,3,2017,TR,,trickle_irrigation
century,5_8,COMPOSITE,3,2017,RWF,wheat,none
century,5_9,COMPOSITE,3,2017,RWF,fallow,none
century,6_1,COMPOSITE,1,2017,IWC,fallow,sprinkler_irrigation
century,6_2,COMPOSITE,2,2017,RWC,wheat,none
century,6_3,COMPOSITE,2,2017,LMT,maize,trickle_irrigation
century,6_4,E,2,2017,OMT,maize,trickle_irrigation
century,6_4,W,2,2017,OMT,maize,flood_irrigation
century,6_4,COMPOSITE,2,2017,OMT,maize,
century,6_5,E,2,2017,OMT,solanum_lycopersicum,flood_irrigation
century,6_5,W,2,2017,OMT,solanum_lycopersicum,trickle_irrigation
century,6_5,COMPOSITE,2,2017,OMT,solanum_lycopersicum,
century,6_6,COMPOSITE,3,2017,CWT,wheat,trickle_irrigation
century,6_7,COMPOSITE,3,2017,LMT,maize,trickle_irrigation
century,6_8,E,3,2017,OMT,maize,trickle_irrigation
century,6_8,W,3,2017,OMT,maize,flood_irrigation
century,6_8,COMPOSITE,3,2017,OMT,maize,
century,6_9,COMPOSITE,3,2017,LMT,solanum_lycopersicum,trickle_irrigation
century,7_1,COMPOSITE,2,2017,NG,NG,none
century,7_2,COMPOSITE,2,2017,RWF,wheat,none
century,7_3,COMPOSITE,2,2017,RWL,wcc/fallow,none
century,7_4,COMPOSITE,2,2017,TR,,trickle_irrigation
century,7_5,COMPOSITE,3,2017,AMT,maize,trickle_irrigation
century,7_7,COMPOSITE,3,2017,IWC,wheat,sprinkler_irrigation
century,7_8,COMPOSITE,3,2017,CMT,solanum_lycopersicum,trickle_irrigation
century,7_9,COMPOSITE,3,2017,CWT,solanum_lycopersicum,trickle_irrigation
century,8_1,COMPOSITE,2,2017,RWL,wheat,none
century,8_2,COMPOSITE,2,2017,RWF,fallow,none
century,8_3,COMPOSITE,2,2017,RWC,fallow,none
century,8_4,COMPOSITE,3,2017,IWF,fallow,sprinkler_irrigation
century,8_5,COMPOSITE,3,2017,IWF,wheat,sprinkler_irrigation
century,8_6,COMPOSITE,3,2017,NG,NG,none
century,8_7,COMPOSITE,3,2017,IWC,fallow,sprinkler_irrigation
century,8_8,E,3,2017,OMT,solanum_lycopersicum,trickle_irrigation
century,8_8,W,3,2017,OMT,solanum_lycopersicum,flood_irrigation
century,8_8,COMPOSITE,3,2017,OMT,solanum_lycopersicum,
century,8_9,COMPOSITE,3,2017,CMT,maize,trickle_irrigation
century,1_1,COMPOSITE,1,2018,LMT,solanum_lycopersicum,trickle_irrigation
century,1_2,E,1,2018,OMT,maize,flood_irrigation
century,1_2,W,1,2018,OMT,maize,trickle_irrigation
century,1_2,COMPOSITE,1,2018,OMT,maize,
century,1_3,COMPOSITE,1,2018,CMT,solanum_lycopersicum,trickle_irrigation
century,1_4,COMPOSITE,1,2018,CMT,maize,trickle_irrigation
century,1_5,COMPOSITE,1,2018,CWT,wheat,trickle_irrigation
century,1_6,COMPOSITE,1,2018,RWL,wheat,none
century,1_7,COMPOSITE,1,2018,RWC,wheat,none
century,1_8,COMPOSITE,1,2018,RWC,fallow,none
century,1_9,COMPOSITE,1,2018,RWF,wheat,none
century,2_2,COMPOSITE,1,2018,TR,,trickle_irrigation
century,2_3,E,1,2018,OMT,solanum_lycopersicum,flood_irrigation
century,2_3,W,1,2018,OMT,solanum_lycopersicum,trickle_irrigation
century,2_3,COMPOSITE,1,2018,OMT,solanum_lycopersicum,
century,2_4,COMPOSITE,1,2018,LMT,maize,trickle_irrigation
century,2_5,COMPOSITE,1,2018,CWT,solanum_lycopersicum,trickle_irrigation
century,2_6,COMPOSITE,2,2018,IWF,wheat,sprinkler_irrigation
century,2_7,COMPOSITE,2,2018,IWC,wheat,sprinkler_irrigation
century,2_8,COMPOSITE,1,2018,RWL,wcc/fallow,none
century,3_4,COMPOSITE,1,2018,IWF,wheat,sprinkler_irrigation
century,3_5,COMPOSITE,1,2018,IWC,fallow,sprinkler_irrigation
century,3_6,COMPOSITE,1,2018,NG,NG,none
century,3_7,COMPOSITE,3,2018,RWL,wcc/fallow,none
century,3_8,COMPOSITE,3,2018,RWL,wheat,none
century,3_9,COMPOSITE,3,2018,RWC,fallow,none
century,4_2,COMPOSITE,1,2018,IWF,fallow,sprinkler_irrigation
century,4_3,COMPOSITE,2,2018,CWT,wheat,trickle_irrigation
century,4_4,COMPOSITE,2,2018,LMT,maize,trickle_irrigation
century,4_5,COMPOSITE,2,2018,CMT,solanum_lycopersicum,trickle_irrigation
century,4_6,COMPOSITE,2,2018,IWF,fallow,sprinkler_irrigation
century,4_7,COMPOSITE,2,2018,AMT,medicago_sativa,flood_irrigation
century,4_8,COMPOSITE,2,2018,AMT,solanum_lycopersicum,trickle_irrigation
century,4_9,COMPOSITE,3,2018,RWC,wheat,none
century,5_1,COMPOSITE,1,2018,AMT,medicago_sativa,flood_irrigation
century,5_2,COMPOSITE,1,2018,AMT,solanum_lycopersicum,trickle_irrigation
century,5_3,COMPOSITE,2,2018,CWT,solanum_lycopersicum,trickle_irrigation
century,5_5,COMPOSITE,2,2018,CMT,maize,trickle_irrigation
century,5_6,COMPOSITE,2,2018,IWC,fallow,sprinkler_irrigation
century,5_7,COMPOSITE,3,2018,TR,,trickle_irrigation
century,5_8,COMPOSITE,3,2018,RWF,fallow,none
century,5_9,COMPOSITE,3,2018,RWF,wheat,none
century,6_1,COMPOSITE,1,2018,IWC,wheat,sprinkler_irrigation
century,6_2,COMPOSITE,2,2018,RWC,fallow,none
century,6_3,COMPOSITE,2,2018,LMT,solanum_lycopersicum,trickle_irrigation
century,6_4,E,2,2018,OMT,maize,trickle_irrigation
century,6_4,W,2,2018,OMT,maize,flood_irrigation
century,6_4,COMPOSITE,2,2018,OMT,maize,
century,6_5,E,2,2018,OMT,solanum_lycopersicum,flood_irrigation
century,6_5,W,2,2018,OMT,solanum_lycopersicum,trickle_irrigation
century,6_5,COMPOSITE,2,2018,OMT,solanum_lycopersicum,
century,6_6,COMPOSITE,3,2018,CWT,solanum_lycopersicum,trickle_irrigation
century,6_7,COMPOSITE,3,2018,LMT,solanum_lycopersicum,trickle_irrigation
century,6_8,E,3,2018,OMT,solanum_lycopersicum,trickle_irrigation
century,6_8,W,3,2018,OMT,solanum_lycopersicum,flood_irrigation
century,6_8,COMPOSITE,3,2018,OMT,solanum_lycopersicum,
century,6_9,COMPOSITE,3,2018,LMT,maize,trickle_irrigation
century,7_1,COMPOSITE,2,2018,NG,NG,none
century,7_2,COMPOSITE,2,2018,RWF,fallow,none
century,7_3,COMPOSITE,2,2018,RWL,wheat,none
century,7_4,COMPOSITE,2,2018,TR,,trickle_irrigation
century,7_5,COMPOSITE,3,2018,AMT,solanum_lycopersicum,trickle_irrigation
century,7_6,COMPOSITE,3,2018,AMT,medicago_sativa,flood_irrigation
century,7_7,COMPOSITE,3,2018,IWC,fallow,sprinkler_irrigation
century,7_8,COMPOSITE,3,2018,CMT,maize,trickle_irrigation
century,7_9,COMPOSITE,3,2018,CWT,wheat,trickle_irrigation
century,8_1,COMPOSITE,2,2018,RWL,wcc/fallow,none
century,8_2,COMPOSITE,2,2018,RWF,wheat,none
century,8_3,COMPOSITE,2,2018,RWC,wheat,none
century,8_4,COMPOSITE,3,2018,IWF,wheat,sprinkler_irrigation
century,8_5,COMPOSITE,3,2018,IWF,fallow,sprinkler_irrigation
century,8_6,COMPOSITE,3,2018,NG,NG,none
century,8_7,COMPOSITE,3,2018,IWC,wheat,sprinkler_irrigation
century,8_8,E,3,2018,OMT,maize,trickle_irrigation
century,8_8,W,3,2018,OMT,maize,flood_irrigation
century,8_8,COMPOSITE,3,2018,OMT,maize,
century,8_9,COMPOSITE,3,2018,CMT,solanum_lycopersicum,trickle_irrigation
